year,country,estimated_number_of_malaria_deaths
2000,Afghanistan,965
2000,Africa (WHO),840915
2000,Algeria,2
2000,Americas (WHO),919
2000,Angola,23478
2000,Argentina,0
2000,Armenia,0
2000,Azerbaijan,0
2000,Bangladesh,199
2000,Belize,0
2000,Benin,7420
2000,Bhutan,15
2000,Bolivia,24
2000,Botswana,49
2000,Brazil,245
2000,Burkina Faso,37845
2000,Burundi,11340
2000,Cambodia,1582
2000,Cameroon,16029
2000,Cape Verde,0
2000,Central African Republic,7525
2000,Chad,8426
2000,China,39
2000,Colombia,124
2000,Comoros,89
2000,Congo,2879
2000,Costa Rica,0
2000,Cote d'Ivoire,32078
2000,Democratic Republic of Congo,100495
2000,Djibouti,4
2000,Dominican Republic,6
2000,East Timor,244
2000,Eastern Mediterranean (WHO),13609
2000,Ecuador,66
2000,El Salvador,0
2000,Equatorial Guinea,715
2000,Eritrea,98
2000,Eswatini,2
2000,Ethiopia,25208
2000,Europe (WHO),0
2000,Gabon,365
2000,Gambia,632
2000,Georgia,0
2000,Ghana,18647
2000,Guatemala,27
2000,Guinea,16416
2000,Guinea-Bissau,2296
2000,Guyana,50
2000,Haiti,184
2000,Honduras,23
2000,India,29561
2000,Indonesia,1550
2000,Iran,4
2000,Iraq,0
2000,Kazakhstan,0
2000,Kenya,11376
2000,Kyrgyzstan,0
2000,Laos,221
2000,Liberia,6426
2000,Madagascar,2239
2000,Malawi,18170
2000,Malaysia,35
2000,Mali,24739
2000,Mauritania,937
2000,Mexico,0
2000,Morocco,0
2000,Mozambique,44699
2000,Myanmar,2742
2000,Namibia,198
2000,Nepal,25
2000,Nicaragua,4
2000,Niger,26182
2000,Nigeria,249259
2000,North Korea,0
2000,Oman,0
2000,Pakistan,989
2000,Panama,1
2000,Papua New Guinea,3142
2000,Paraguay,0
2000,Peru,106
2000,Philippines,204
2000,Rwanda,6769
2000,Sao Tome and Principe,254
2000,Saudi Arabia,0
2000,Senegal,6114
2000,Sierra Leone,12666
2000,Solomon Islands,476
2000,Somalia,3013
2000,South Africa,424
2000,South Korea,0
2000,South Sudan,10974
2000,South-East Asia (WHO),35038
2000,Sri Lanka,77
2000,Sudan,5978
2000,Suriname,24
2000,Syria,0
2000,Tajikistan,0
2000,Tanzania,42579
2000,Thailand,625
2000,Togo,5177
2000,Turkey,0
2000,Turkmenistan,0
2000,Uganda,44688
2000,United Arab Emirates,0
2000,Uzbekistan,0
2000,Vanuatu,34
2000,Venezuela,26
2000,Vietnam,421
2000,Western Pacific (WHO),6154
2000,World,896635
2000,Yemen,2656
2000,Zambia,12485
2000,Zimbabwe,2526
2001,Afghanistan,965
2001,Africa (WHO),834330
2001,Algeria,1
2001,Americas (WHO),832
2001,Angola,23856
2001,Argentina,0
2001,Armenia,0
2001,Azerbaijan,0
2001,Bangladesh,203
2001,Belize,0
2001,Benin,7662
2001,Bhutan,14
2001,Bolivia,9
2001,Botswana,19
2001,Brazil,142
2001,Burkina Faso,40660
2001,Burundi,10469
2001,Cambodia,904
2001,Cameroon,15962
2001,Cape Verde,0
2001,Central African Republic,7709
2001,Chad,9069
2001,China,30
2001,Colombia,168
2001,Comoros,89
2001,Congo,2790
2001,Costa Rica,0
2001,Cote d'Ivoire,33888
2001,Democratic Republic of Congo,100200
2001,Djibouti,4
2001,Dominican Republic,17
2001,East Timor,248
2001,Eastern Mediterranean (WHO),14063
2001,Ecuador,84
2001,El Salvador,0
2001,Equatorial Guinea,712
2001,Eritrea,130
2001,Eswatini,3
2001,Ethiopia,23352
2001,Europe (WHO),0
2001,Gabon,292
2001,Gambia,584
2001,Georgia,0
2001,Ghana,18294
2001,Guatemala,18
2001,Guinea,15929
2001,Guinea-Bissau,1814
2001,Guyana,52
2001,Haiti,188
2001,Honduras,15
2001,India,28669
2001,Indonesia,1572
2001,Iran,2
2001,Iraq,0
2001,Kazakhstan,0
2001,Kenya,13118
2001,Kyrgyzstan,0
2001,Laos,152
2001,Liberia,6369
2001,Madagascar,2747
2001,Malawi,16919
2001,Malaysia,46
2001,Mali,22250
2001,Mauritania,900
2001,Mexico,0
2001,Morocco,0
2001,Mozambique,44168
2001,Myanmar,2771
2001,Namibia,263
2001,Nepal,28
2001,Nicaragua,2
2001,Niger,23238
2001,Nigeria,242479
2001,North Korea,0
2001,Oman,0
2001,Pakistan,1144
2001,Panama,1
2001,Papua New Guinea,3075
2001,Paraguay,0
2001,Peru,89
2001,Philippines,143
2001,Rwanda,6459
2001,Sao Tome and Principe,248
2001,Saudi Arabia,0
2001,Senegal,5796
2001,Sierra Leone,13847
2001,Solomon Islands,521
2001,Somalia,3285
2001,South Africa,81
2001,South Korea,0
2001,South Sudan,10504
2001,South-East Asia (WHO),33981
2001,Sri Lanka,52
2001,Sudan,5702
2001,Suriname,23
2001,Syria,0
2001,Tajikistan,0
2001,Tanzania,40009
2001,Thailand,424
2001,Togo,5270
2001,Turkey,0
2001,Turkmenistan,0
2001,Uganda,51069
2001,United Arab Emirates,0
2001,Uzbekistan,0
2001,Vanuatu,24
2001,Venezuela,15
2001,Vietnam,380
2001,Western Pacific (WHO),5275
2001,World,888481
2001,Yemen,2961
2001,Zambia,12569
2001,Zimbabwe,2543
2002,Afghanistan,1133
2002,Africa (WHO),795664
2002,Algeria,0
2002,Americas (WHO),765
2002,Angola,21992
2002,Argentina,0
2002,Armenia,0
2002,Azerbaijan,0
2002,Bangladesh,206
2002,Belize,0
2002,Benin,8693
2002,Bhutan,11
2002,Bolivia,9
2002,Botswana,9
2002,Brazil,95
2002,Burkina Faso,38905
2002,Burundi,9186
2002,Cambodia,803
2002,Cameroon,17289
2002,Cape Verde,2
2002,Central African Republic,7862
2002,Chad,8615
2002,China,42
2002,Colombia,162
2002,Comoros,89
2002,Congo,2526
2002,Costa Rica,0
2002,Cote d'Ivoire,34372
2002,Democratic Republic of Congo,101615
2002,Djibouti,4
2002,Dominican Republic,11
2002,East Timor,199
2002,Eastern Mediterranean (WHO),13090
2002,Ecuador,64
2002,El Salvador,0
2002,Equatorial Guinea,716
2002,Eritrea,74
2002,Eswatini,1
2002,Ethiopia,21590
2002,Europe (WHO),0
2002,Gabon,276
2002,Gambia,542
2002,Georgia,0
2002,Ghana,16996
2002,Guatemala,20
2002,Guinea,14464
2002,Guinea-Bissau,1324
2002,Guyana,42
2002,Haiti,191
2002,Honduras,11
2002,India,27176
2002,Indonesia,1593
2002,Iran,2
2002,Iraq,0
2002,Kazakhstan,0
2002,Kenya,12989
2002,Kyrgyzstan,0
2002,Laos,124
2002,Liberia,6352
2002,Madagascar,2221
2002,Malawi,14390
2002,Malaysia,38
2002,Mali,22339
2002,Mauritania,880
2002,Mexico,0
2002,Morocco,0
2002,Mozambique,40972
2002,Myanmar,2799
2002,Namibia,180
2002,Nepal,62
2002,Nicaragua,8
2002,Niger,21344
2002,Nigeria,230464
2002,North Korea,0
2002,Oman,0
2002,Pakistan,1001
2002,Panama,2
2002,Papua New Guinea,2635
2002,Paraguay,0
2002,Peru,108
2002,Philippines,180
2002,Rwanda,5320
2002,Sao Tome and Principe,321
2002,Saudi Arabia,0
2002,Senegal,4753
2002,Sierra Leone,13834
2002,Solomon Islands,513
2002,Somalia,3164
2002,South Africa,96
2002,South Korea,0
2002,South Sudan,9420
2002,South-East Asia (WHO),32437
2002,Sri Lanka,30
2002,Sudan,4503
2002,Suriname,15
2002,Syria,0
2002,Tajikistan,0
2002,Tanzania,34901
2002,Thailand,361
2002,Togo,5723
2002,Turkey,0
2002,Turkmenistan,0
2002,Uganda,48487
2002,United Arab Emirates,0
2002,Uzbekistan,0
2002,Vanuatu,52
2002,Venezuela,19
2002,Vietnam,271
2002,Western Pacific (WHO),4658
2002,World,846614
2002,Yemen,3283
2002,Zambia,10981
2002,Zimbabwe,2559
2003,Afghanistan,798
2003,Africa (WHO),774451
2003,Algeria,0
2003,Americas (WHO),725
2003,Angola,22162
2003,Argentina,1
2003,Armenia,0
2003,Azerbaijan,0
2003,Bangladesh,210
2003,Belize,0
2003,Benin,9748
2003,Bhutan,14
2003,Bolivia,12
2003,Botswana,4
2003,Brazil,104
2003,Burkina Faso,37642
2003,Burundi,8268
2003,Cambodia,1062
2003,Cameroon,17958
2003,Cape Verde,4
2003,Central African Republic,8391
2003,Chad,8876
2003,China,52
2003,Colombia,118
2003,Comoros,89
2003,Congo,2513
2003,Costa Rica,0
2003,Cote d'Ivoire,34284
2003,Democratic Republic of Congo,105477
2003,Djibouti,4
2003,Dominican Republic,12
2003,East Timor,125
2003,Eastern Mediterranean (WHO),12228
2003,Ecuador,46
2003,El Salvador,0
2003,Equatorial Guinea,739
2003,Eritrea,112
2003,Eswatini,0
2003,Ethiopia,22799
2003,Europe (WHO),0
2003,Gabon,243
2003,Gambia,517
2003,Georgia,0
2003,Ghana,16714
2003,Guatemala,16
2003,Guinea,12852
2003,Guinea-Bissau,855
2003,Guyana,53
2003,Haiti,194
2003,Honduras,9
2003,India,27816
2003,Indonesia,1615
2003,Iran,5
2003,Iraq,0
2003,Kazakhstan,0
2003,Kenya,12595
2003,Kyrgyzstan,0
2003,Laos,110
2003,Liberia,5596
2003,Madagascar,2917
2003,Malawi,12078
2003,Malaysia,21
2003,Mali,21913
2003,Mauritania,877
2003,Mayotte,4
2003,Mexico,0
2003,Morocco,0
2003,Mozambique,36977
2003,Myanmar,2826
2003,Namibia,172
2003,Nepal,46
2003,Nicaragua,7
2003,Niger,19133
2003,Nigeria,226442
2003,North Korea,0
2003,Oman,0
2003,Pakistan,991
2003,Panama,4
2003,Papua New Guinea,2816
2003,Paraguay,0
2003,Peru,95
2003,Philippines,257
2003,Rwanda,4393
2003,Sao Tome and Principe,193
2003,Saudi Arabia,0
2003,Senegal,4867
2003,Sierra Leone,13061
2003,Solomon Islands,456
2003,Somalia,3247
2003,South Africa,142
2003,South Korea,0
2003,South Sudan,8771
2003,South-East Asia (WHO),32860
2003,Sri Lanka,4
2003,Sudan,4219
2003,Suriname,18
2003,Syria,0
2003,Tajikistan,0
2003,Tanzania,31635
2003,Thailand,204
2003,Togo,5978
2003,Turkey,0
2003,Turkmenistan,0
2003,Uganda,43827
2003,United Arab Emirates,0
2003,Uzbekistan,0
2003,Vanuatu,68
2003,Venezuela,27
2003,Vietnam,197
2003,Western Pacific (WHO),5039
2003,World,825303
2003,Yemen,2964
2003,Zambia,10055
2003,Zimbabwe,2578
2004,Afghanistan,350
2004,Africa (WHO),754012
2004,Algeria,0
2004,Americas (WHO),712
2004,Angola,22190
2004,Argentina,0
2004,Armenia,0
2004,Azerbaijan,0
2004,Bangladesh,213
2004,Belize,1
2004,Benin,11134
2004,Bhutan,7
2004,Bolivia,9
2004,Botswana,3
2004,Brazil,102
2004,Burkina Faso,35229
2004,Burundi,7064
2004,Cambodia,894
2004,Cameroon,19026
2004,Cape Verde,4
2004,Central African Republic,8777
2004,Chad,8964
2004,China,31
2004,Colombia,126
2004,Comoros,89
2004,Congo,2416
2004,Costa Rica,0
2004,Cote d'Ivoire,32711
2004,Democratic Republic of Congo,112038
2004,Djibouti,4
2004,Dominican Republic,16
2004,East Timor,449
2004,Eastern Mediterranean (WHO),10487
2004,Ecuador,37
2004,El Salvador,0
2004,Equatorial Guinea,766
2004,Eritrea,32
2004,Eswatini,1
2004,Ethiopia,23844
2004,Europe (WHO),0
2004,Gabon,218
2004,Gambia,498
2004,Georgia,0
2004,Ghana,15838
2004,Guatemala,14
2004,Guinea,10996
2004,Guinea-Bissau,766
2004,Guyana,51
2004,Haiti,198
2004,Honduras,12
2004,India,31229
2004,Indonesia,1367
2004,Iran,1
2004,Iraq,0
2004,Kazakhstan,0
2004,Kenya,11285
2004,Kyrgyzstan,0
2004,Laos,100
2004,Liberia,4688
2004,Madagascar,2062
2004,Malawi,10600
2004,Malaysia,35
2004,Mali,22551
2004,Mauritania,845
2004,Mayotte,4
2004,Mexico,0
2004,Morocco,0
2004,Mozambique,31912
2004,Myanmar,2851
2004,Namibia,270
2004,Nepal,24
2004,Nicaragua,1
2004,Niger,17876
2004,Nigeria,226548
2004,North Korea,0
2004,Oman,0
2004,Pakistan,643
2004,Panama,2
2004,Papua New Guinea,3517
2004,Paraguay,0
2004,Peru,98
2004,Philippines,233
2004,Rwanda,3718
2004,Sao Tome and Principe,169
2004,Saudi Arabia,0
2004,Senegal,4435
2004,Sierra Leone,12513
2004,Solomon Islands,652
2004,Somalia,3187
2004,South Africa,88
2004,South Korea,0
2004,South Sudan,8090
2004,South-East Asia (WHO),36371
2004,Sri Lanka,1
2004,Sudan,3911
2004,Suriname,7
2004,Syria,0
2004,Tajikistan,0
2004,Tanzania,28232
2004,Thailand,230
2004,Togo,6497
2004,Turkey,0
2004,Turkmenistan,0
2004,Uganda,37670
2004,United Arab Emirates,0
2004,Uzbekistan,0
2004,Vanuatu,46
2004,Venezuela,31
2004,Vietnam,115
2004,Western Pacific (WHO),5623
2004,World,807205
2004,Yemen,2391
2004,Zambia,8759
2004,Zimbabwe,2596
2005,Afghanistan,259
2005,Africa (WHO),729200
2005,Algeria,0
2005,Americas (WHO),688
2005,Angola,21628
2005,Argentina,0
2005,Armenia,0
2005,Azerbaijan,0
2005,Bangladesh,216
2005,Belize,0
2005,Benin,12180
2005,Bhutan,5
2005,Bolivia,12
2005,Botswana,3
2005,Brazil,123
2005,Burkina Faso,32505
2005,Burundi,6117
2005,Cambodia,705
2005,Cameroon,19704
2005,Cape Verde,2
2005,Central African Republic,9367
2005,Chad,9428
2005,China,48
2005,Colombia,87
2005,Comoros,89
2005,Congo,2386
2005,Costa Rica,0
2005,Cote d'Ivoire,31615
2005,Democratic Republic of Congo,112726
2005,Djibouti,4
2005,Dominican Republic,16
2005,East Timor,304
2005,Eastern Mediterranean (WHO),11203
2005,Ecuador,22
2005,El Salvador,0
2005,Equatorial Guinea,772
2005,Eritrea,59
2005,Eswatini,0
2005,Ethiopia,16956
2005,Europe (WHO),0
2005,Gabon,218
2005,Gambia,488
2005,Georgia,0
2005,Ghana,15430
2005,Guatemala,20
2005,Guinea,9906
2005,Guinea-Bissau,775
2005,Guyana,69
2005,Haiti,201
2005,Honduras,11
2005,India,32539
2005,Indonesia,1647
2005,Iran,1
2005,Iraq,0
2005,Kazakhstan,0
2005,Kenya,10098
2005,Kyrgyzstan,0
2005,Laos,86
2005,Liberia,4062
2005,Madagascar,1638
2005,Malawi,10078
2005,Malaysia,33
2005,Mali,23776
2005,Mauritania,880
2005,Mayotte,2
2005,Mexico,0
2005,Morocco,0
2005,Mozambique,27220
2005,Myanmar,2874
2005,Namibia,167
2005,Nepal,26
2005,Nicaragua,6
2005,Niger,20011
2005,Nigeria,230350
2005,North Korea,0
2005,Oman,0
2005,Pakistan,923
2005,Panama,1
2005,Papua New Guinea,2796
2005,Paraguay,0
2005,Peru,80
2005,Philippines,167
2005,Rwanda,3334
2005,Sao Tome and Principe,85
2005,Saudi Arabia,0
2005,Senegal,4056
2005,Sierra Leone,11356
2005,Solomon Islands,547
2005,Somalia,3565
2005,South Africa,63
2005,South Korea,0
2005,South Sudan,7547
2005,South-East Asia (WHO),37772
2005,Sri Lanka,0
2005,Sudan,3956
2005,Suriname,1
2005,Syria,0
2005,Tajikistan,0
2005,Tanzania,25833
2005,Thailand,161
2005,Togo,6843
2005,Turkey,0
2005,Turkmenistan,0
2005,Uganda,29135
2005,United Arab Emirates,0
2005,Uzbekistan,0
2005,Vanuatu,35
2005,Venezuela,34
2005,Vietnam,79
2005,Western Pacific (WHO),4496
2005,World,783359
2005,Yemen,2495
2005,Zambia,7702
2005,Zimbabwe,2610
2006,Afghanistan,222
2006,Africa (WHO),721873
2006,Algeria,0
2006,Americas (WHO),584
2006,Angola,20340
2006,Argentina,0
2006,Armenia,0
2006,Azerbaijan,0
2006,Bangladesh,139
2006,Belize,1
2006,Benin,13078
2006,Bhutan,7
2006,Bolivia,14
2006,Botswana,12
2006,Brazil,110
2006,Burkina Faso,31512
2006,Burundi,5699
2006,Cambodia,897
2006,Cameroon,19474
2006,Cape Verde,8
2006,Central African Republic,10017
2006,Chad,9994
2006,China,38
2006,Colombia,77
2006,Comoros,89
2006,Congo,2225
2006,Costa Rica,0
2006,Cote d'Ivoire,31237
2006,Democratic Republic of Congo,115483
2006,Djibouti,5
2006,Dominican Republic,10
2006,East Timor,326
2006,Eastern Mediterranean (WHO),11315
2006,Ecuador,9
2006,El Salvador,0
2006,Equatorial Guinea,752
2006,Eritrea,36
2006,Eswatini,0
2006,Ethiopia,15221
2006,Europe (WHO),0
2006,Gabon,214
2006,Gambia,487
2006,Georgia,0
2006,Ghana,15682
2006,Guatemala,15
2006,Guinea,9681
2006,Guinea-Bissau,756
2006,Guyana,40
2006,Haiti,207
2006,Honduras,8
2006,India,27819
2006,Indonesia,1957
2006,Iran,1
2006,Iraq,0
2006,Kazakhstan,0
2006,Kenya,9562
2006,Kyrgyzstan,0
2006,Laos,123
2006,Liberia,3675
2006,Madagascar,1647
2006,Malawi,10424
2006,Malaysia,21
2006,Mali,23397
2006,Mauritania,874
2006,Mayotte,1
2006,Mexico,0
2006,Morocco,0
2006,Mozambique,27304
2006,Myanmar,2041
2006,Namibia,174
2006,Nepal,32
2006,Nicaragua,1
2006,Niger,19349
2006,Nigeria,232391
2006,North Korea,0
2006,Oman,0
2006,Pakistan,882
2006,Panama,1
2006,Papua New Guinea,2924
2006,Paraguay,0
2006,Peru,52
2006,Philippines,203
2006,Rwanda,3129
2006,Sao Tome and Principe,26
2006,Saudi Arabia,0
2006,Senegal,3926
2006,Sierra Leone,10844
2006,Solomon Islands,549
2006,Somalia,3263
2006,South Africa,87
2006,South Korea,0
2006,South Sudan,7226
2006,South-East Asia (WHO),32435
2006,Sri Lanka,1
2006,Sudan,3915
2006,Suriname,1
2006,Syria,0
2006,Tajikistan,0
2006,Tanzania,24055
2006,Thailand,113
2006,Togo,6626
2006,Turkey,0
2006,Turkmenistan,0
2006,Uganda,25409
2006,United Arab Emirates,0
2006,Uzbekistan,0
2006,Vanuatu,30
2006,Venezuela,33
2006,Vietnam,92
2006,Western Pacific (WHO),4877
2006,World,771084
2006,Yemen,3027
2006,Zambia,7118
2006,Zimbabwe,2632
2007,Afghanistan,236
2007,Africa (WHO),704916
2007,Algeria,0
2007,Americas (WHO),504
2007,Angola,18172
2007,Argentina,0
2007,Armenia,0
2007,Azerbaijan,0
2007,Bangladesh,263
2007,Belize,0
2007,Benin,12342
2007,Bhutan,2
2007,Bolivia,11
2007,Botswana,3
2007,Brazil,93
2007,Burkina Faso,32545
2007,Burundi,5512
2007,Cambodia,394
2007,Cameroon,17798
2007,Cape Verde,2
2007,Central African Republic,9890
2007,Chad,10446
2007,China,18
2007,Colombia,68
2007,Comoros,89
2007,Congo,2065
2007,Costa Rica,0
2007,Cote d'Ivoire,31806
2007,Democratic Republic of Congo,111540
2007,Djibouti,5
2007,Dominican Republic,17
2007,East Timor,226
2007,Eastern Mediterranean (WHO),9591
2007,Ecuador,8
2007,El Salvador,0
2007,Equatorial Guinea,698
2007,Eritrea,60
2007,Eswatini,0
2007,Ethiopia,12705
2007,Europe (WHO),0
2007,Gabon,213
2007,Gambia,488
2007,Georgia,0
2007,Ghana,15139
2007,Guatemala,6
2007,Guinea,9941
2007,Guinea-Bissau,756
2007,Guyana,20
2007,Haiti,187
2007,Honduras,7
2007,India,27709
2007,Indonesia,1701
2007,Iran,3
2007,Iraq,0
2007,Kazakhstan,0
2007,Kenya,9541
2007,Kyrgyzstan,0
2007,Laos,115
2007,Liberia,3522
2007,Madagascar,1092
2007,Malawi,11175
2007,Malaysia,15
2007,Mali,21774
2007,Mauritania,863
2007,Mayotte,1
2007,Mexico,0
2007,Morocco,0
2007,Mozambique,26006
2007,Myanmar,2560
2007,Namibia,52
2007,Nepal,39
2007,Nicaragua,0
2007,Niger,20076
2007,Nigeria,229178
2007,North Korea,0
2007,Oman,0
2007,Pakistan,879
2007,Panama,1
2007,Papua New Guinea,2692
2007,Paraguay,0
2007,Peru,43
2007,Philippines,218
2007,Rwanda,3031
2007,Sao Tome and Principe,3
2007,Saudi Arabia,0
2007,Senegal,3850
2007,Sierra Leone,11216
2007,Solomon Islands,310
2007,Somalia,2796
2007,South Africa,37
2007,South Korea,1
2007,South Sudan,6861
2007,South-East Asia (WHO),32598
2007,Sri Lanka,1
2007,Sudan,3555
2007,Suriname,1
2007,Syria,0
2007,Tajikistan,0
2007,Tanzania,22751
2007,Thailand,97
2007,Togo,6042
2007,Turkey,0
2007,Turkmenistan,0
2007,Uganda,24542
2007,United Arab Emirates,0
2007,Uzbekistan,0
2007,Vanuatu,36
2007,Venezuela,37
2007,Vietnam,53
2007,Western Pacific (WHO),3852
2007,World,751461
2007,Yemen,2117
2007,Zambia,6767
2007,Zimbabwe,4326
2008,Afghanistan,198
2008,Africa (WHO),684925
2008,Algeria,0
2008,Americas (WHO),470
2008,Angola,15179
2008,Argentina,0
2008,Armenia,0
2008,Azerbaijan,0
2008,Bangladesh,264
2008,Belize,0
2008,Benin,10790
2008,Bhutan,2
2008,Bolivia,6
2008,Botswana,6
2008,Brazil,68
2008,Burkina Faso,35534
2008,Burundi,5529
2008,Cambodia,497
2008,Cameroon,15635
2008,Cape Verde,2
2008,Central African Republic,9181
2008,Chad,10874
2008,China,23
2008,Colombia,54
2008,Comoros,89
2008,Congo,1928
2008,Costa Rica,0
2008,Cote d'Ivoire,30883
2008,Democratic Republic of Congo,106675
2008,Djibouti,5
2008,Dominican Republic,11
2008,East Timor,271
2008,Eastern Mediterranean (WHO),7092
2008,Ecuador,5
2008,El Salvador,0
2008,Equatorial Guinea,648
2008,Eritrea,37
2008,Eswatini,0
2008,Ethiopia,11109
2008,Europe (WHO),0
2008,Gabon,226
2008,Gambia,492
2008,Georgia,0
2008,Ghana,15430
2008,Guatemala,3
2008,Guinea,10773
2008,Guinea-Bissau,774
2008,Guyana,23
2008,Haiti,229
2008,Honduras,6
2008,India,29850
2008,Indonesia,1723
2008,Iran,3
2008,Iraq,0
2008,Kazakhstan,0
2008,Kenya,9479
2008,Kyrgyzstan,0
2008,Laos,104
2008,Liberia,3525
2008,Madagascar,1160
2008,Malawi,11588
2008,Malaysia,20
2008,Mali,19237
2008,Mauritania,867
2008,Mayotte,1
2008,Mexico,0
2008,Morocco,0
2008,Mozambique,25587
2008,Myanmar,3222
2008,Namibia,30
2008,Nepal,25
2008,Nicaragua,0
2008,Niger,21260
2008,Nigeria,221435
2008,North Korea,0
2008,Oman,0
2008,Pakistan,679
2008,Panama,1
2008,Papua New Guinea,2508
2008,Paraguay,0
2008,Peru,34
2008,Philippines,144
2008,Rwanda,2984
2008,Sao Tome and Principe,16
2008,Saudi Arabia,0
2008,Senegal,3862
2008,Sierra Leone,12713
2008,Solomon Islands,182
2008,Somalia,1811
2008,South Africa,43
2008,South Korea,0
2008,South Sudan,6687
2008,South-East Asia (WHO),35458
2008,Sri Lanka,0
2008,Sudan,3035
2008,Suriname,0
2008,Syria,0
2008,Tajikistan,0
2008,Tanzania,22293
2008,Thailand,101
2008,Togo,4984
2008,Turkey,0
2008,Turkmenistan,0
2008,Uganda,26929
2008,United Arab Emirates,0
2008,Uzbekistan,0
2008,Vanuatu,37
2008,Venezuela,26
2008,Vietnam,37
2008,Western Pacific (WHO),3552
2008,World,731497
2008,Yemen,1361
2008,Zambia,6688
2008,Zimbabwe,1763
2009,Afghanistan,139
2009,Africa (WHO),671222
2009,Algeria,0
2009,Americas (WHO),464
2009,Angola,13168
2009,Argentina,0
2009,Armenia,0
2009,Azerbaijan,0
2009,Bangladesh,187
2009,Belize,0
2009,Benin,9491
2009,Bhutan,4
2009,Bolivia,6
2009,Botswana,6
2009,Brazil,85
2009,Burkina Faso,31446
2009,Burundi,5530
2009,Cambodia,853
2009,Cameroon,14198
2009,Cape Verde,2
2009,Central African Republic,8749
2009,Chad,11421
2009,China,12
2009,Colombia,28
2009,Comoros,89
2009,Congo,1898
2009,Costa Rica,1
2009,Cote d'Ivoire,30583
2009,Democratic Republic of Congo,101411
2009,Djibouti,6
2009,Dominican Republic,14
2009,East Timor,198
2009,Eastern Mediterranean (WHO),6862
2009,Ecuador,6
2009,El Salvador,0
2009,Equatorial Guinea,610
2009,Eritrea,41
2009,Eswatini,0
2009,Ethiopia,16218
2009,Europe (WHO),0
2009,Gabon,243
2009,Gambia,496
2009,Georgia,0
2009,Ghana,16413
2009,Guatemala,3
2009,Guinea,12366
2009,Guinea-Bissau,811
2009,Guyana,28
2009,Haiti,215
2009,Honduras,8
2009,India,32038
2009,Indonesia,1744
2009,Iran,0
2009,Iraq,0
2009,Kazakhstan,0
2009,Kenya,9618
2009,Kyrgyzstan,0
2009,Laos,120
2009,Liberia,3305
2009,Madagascar,2182
2009,Malawi,11492
2009,Malaysia,23
2009,Mali,17172
2009,Mauritania,874
2009,Mayotte,0
2009,Mexico,0
2009,Morocco,0
2009,Mozambique,25990
2009,Myanmar,3023
2009,Namibia,15
2009,Nepal,21
2009,Nicaragua,0
2009,Niger,23951
2009,Nigeria,210275
2009,North Korea,0
2009,Oman,0
2009,Pakistan,1000
2009,Panama,0
2009,Papua New Guinea,3378
2009,Paraguay,0
2009,Peru,31
2009,Philippines,116
2009,Rwanda,2956
2009,Sao Tome and Principe,23
2009,Saudi Arabia,0
2009,Senegal,3847
2009,Sierra Leone,14159
2009,Solomon Islands,142
2009,Somalia,1143
2009,South Africa,45
2009,South Korea,1
2009,South Sudan,6387
2009,South-East Asia (WHO),37285
2009,Sri Lanka,0
2009,Sudan,2795
2009,Suriname,0
2009,Syria,0
2009,Tajikistan,0
2009,Tanzania,21981
2009,Thailand,70
2009,Togo,4253
2009,Turkey,0
2009,Turkmenistan,0
2009,Uganda,28832
2009,United Arab Emirates,0
2009,Uzbekistan,0
2009,Vanuatu,22
2009,Venezuela,36
2009,Vietnam,47
2009,Western Pacific (WHO),4714
2009,World,720547
2009,Yemen,1779
2009,Zambia,6720
2009,Zimbabwe,1955
2010,Afghanistan,165
2010,Africa (WHO),653024
2010,Algeria,1
2010,Americas (WHO),502
2010,Angola,12352
2010,Argentina,0
2010,Armenia,0
2010,Azerbaijan,0
2010,Bangladesh,166
2010,Belize,0
2010,Benin,8694
2010,Bhutan,2
2010,Bolivia,10
2010,Botswana,5
2010,Brazil,76
2010,Burkina Faso,36142
2010,Burundi,5470
2010,Cambodia,644
2010,Cameroon,13110
2010,Cape Verde,1
2010,Central African Republic,8125
2010,Chad,11796
2010,China,19
2010,Colombia,42
2010,Comoros,92
2010,Congo,1931
2010,Costa Rica,0
2010,Cote d'Ivoire,27301
2010,Democratic Republic of Congo,91816
2010,Djibouti,2
2010,Dominican Republic,15
2010,East Timor,194
2010,Eastern Mediterranean (WHO),8634
2010,Ecuador,0
2010,El Salvador,0
2010,Equatorial Guinea,712
2010,Eritrea,161
2010,Eswatini,0
2010,Ethiopia,19144
2010,Europe (WHO),0
2010,Gabon,269
2010,Gambia,518
2010,Georgia,0
2010,Ghana,16496
2010,Guatemala,3
2010,Guinea,13305
2010,Guinea-Bissau,839
2010,Guyana,52
2010,Haiti,217
2010,Honduras,7
2010,India,30654
2010,Indonesia,3209
2010,Iran,0
2010,Iraq,0
2010,Kazakhstan,0
2010,Kenya,9788
2010,Kyrgyzstan,0
2010,Laos,109
2010,Liberia,2871
2010,Madagascar,2208
2010,Malawi,10817
2010,Malaysia,13
2010,Mali,17356
2010,Mauritania,869
2010,Mayotte,1
2010,Mexico,0
2010,Morocco,0
2010,Mozambique,26140
2010,Myanmar,3623
2010,Namibia,6
2010,Nepal,27
2010,Nicaragua,1
2010,Niger,26471
2010,Nigeria,197612
2010,North Korea,0
2010,Oman,0
2010,Pakistan,1616
2010,Panama,1
2010,Papua New Guinea,2354
2010,Paraguay,0
2010,Peru,20
2010,Philippines,113
2010,Rwanda,2982
2010,Sao Tome and Principe,14
2010,Saudi Arabia,0
2010,Senegal,3833
2010,Sierra Leone,15377
2010,Solomon Islands,163
2010,Somalia,1280
2010,South Africa,83
2010,South Korea,1
2010,South Sudan,6108
2010,South-East Asia (WHO),37955
2010,Sri Lanka,0
2010,Sudan,2705
2010,Suriname,1
2010,Syria,0
2010,Tajikistan,0
2010,Tanzania,21764
2010,Thailand,80
2010,Togo,4046
2010,Turkey,0
2010,Turkmenistan,0
2010,Uganda,26913
2010,United Arab Emirates,0
2010,Uzbekistan,0
2010,Vanuatu,27
2010,Venezuela,53
2010,Vietnam,45
2010,Western Pacific (WHO),3488
2010,World,703603
2010,Yemen,2866
2010,Zambia,6675
2010,Zimbabwe,2810
2011,Afghanistan,192
2011,Africa (WHO),616838
2011,Algeria,0
2011,Americas (WHO),464
2011,Angola,11773
2011,Argentina,0
2011,Armenia,0
2011,Azerbaijan,0
2011,Bangladesh,155
2011,Belize,0
2011,Benin,8429
2011,Bhutan,1
2011,Bolivia,4
2011,Botswana,1
2011,Brazil,70
2011,Burkina Faso,34912
2011,Burundi,5187
2011,Cambodia,641
2011,Cameroon,12048
2011,Cape Verde,1
2011,Central African Republic,7279
2011,Chad,11519
2011,China,33
2011,Colombia,23
2011,Comoros,62
2011,Congo,1970
2011,Costa Rica,0
2011,Cote d'Ivoire,22772
2011,Democratic Republic of Congo,79872
2011,Djibouti,5
2011,Dominican Republic,10
2011,East Timor,65
2011,Eastern Mediterranean (WHO),7845
2011,Ecuador,0
2011,El Salvador,0
2011,Equatorial Guinea,731
2011,Eritrea,141
2011,Eswatini,0
2011,Ethiopia,17276
2011,Europe (WHO),0
2011,Gabon,300
2011,Gambia,528
2011,Georgia,0
2011,Ghana,17663
2011,Guatemala,2
2011,Guinea,13865
2011,Guinea-Bissau,844
2011,Guyana,72
2011,Haiti,208
2011,Honduras,5
2011,India,25663
2011,Indonesia,2875
2011,Iran,0
2011,Iraq,0
2011,Kazakhstan,0
2011,Kenya,10074
2011,Kyrgyzstan,0
2011,Laos,73
2011,Liberia,2813
2011,Madagascar,2035
2011,Malawi,9906
2011,Malaysia,11
2011,Mali,20247
2011,Mauritania,902
2011,Mayotte,0
2011,Mexico,0
2011,Morocco,0
2011,Mozambique,25686
2011,Myanmar,3214
2011,Namibia,7
2011,Nepal,16
2011,Nicaragua,1
2011,Niger,28225
2011,Nigeria,184121
2011,North Korea,0
2011,Oman,0
2011,Pakistan,1814
2011,Panama,0
2011,Papua New Guinea,2032
2011,Paraguay,0
2011,Peru,19
2011,Philippines,47
2011,Rwanda,2936
2011,Sao Tome and Principe,19
2011,Saudi Arabia,0
2011,Senegal,3799
2011,Sierra Leone,15008
2011,Solomon Islands,108
2011,Somalia,1073
2011,South Africa,54
2011,South Korea,2
2011,South Sudan,5900
2011,South-East Asia (WHO),32032
2011,Sri Lanka,0
2011,Sudan,2746
2011,Suriname,1
2011,Syria,0
2011,Tajikistan,0
2011,Tanzania,21356
2011,Thailand,43
2011,Togo,4076
2011,Turkey,0
2011,Turkmenistan,0
2011,Uganda,23606
2011,United Arab Emirates,0
2011,Uzbekistan,0
2011,Vanuatu,14
2011,Venezuela,47
2011,Vietnam,36
2011,Western Pacific (WHO),2997
2011,World,660176
2011,Yemen,2015
2011,Zambia,7047
2011,Zimbabwe,1848
2012,Afghanistan,92
2012,Africa (WHO),583635
2012,Algeria,0
2012,Americas (WHO),430
2012,Angola,11463
2012,Argentina,0
2012,Armenia,0
2012,Azerbaijan,0
2012,Bangladesh,85
2012,Belize,0
2012,Benin,8942
2012,Bhutan,1
2012,Bolivia,4
2012,Botswana,0
2012,Brazil,60
2012,Burkina Faso,28346
2012,Burundi,5048
2012,Cambodia,383
2012,Cameroon,12056
2012,Cape Verde,0
2012,Central African Republic,7343
2012,Chad,11291
2012,China,0
2012,Colombia,24
2012,Comoros,125
2012,Congo,2001
2012,Costa Rica,0
2012,Cote d'Ivoire,16621
2012,Democratic Republic of Congo,67514
2012,Djibouti,5
2012,Dominican Republic,8
2012,East Timor,9
2012,Eastern Mediterranean (WHO),7954
2012,Ecuador,0
2012,El Salvador,0
2012,Equatorial Guinea,786
2012,Eritrea,85
2012,Eswatini,1
2012,Ethiopia,20863
2012,Europe (WHO),0
2012,Gabon,332
2012,Gambia,536
2012,Georgia,0
2012,Ghana,17076
2012,Guatemala,2
2012,Guinea,13731
2012,Guinea-Bissau,827
2012,Guyana,76
2012,Haiti,167
2012,Honduras,4
2012,India,20485
2012,Indonesia,2837
2012,Iran,0
2012,Iraq,0
2012,Kazakhstan,0
2012,Kenya,10037
2012,Kyrgyzstan,0
2012,Laos,174
2012,Liberia,2760
2012,Madagascar,3941
2012,Malawi,9015
2012,Malaysia,11
2012,Mali,23944
2012,Mauritania,939
2012,Mayotte,0
2012,Mexico,0
2012,Morocco,0
2012,Mozambique,25176
2012,Myanmar,3412
2012,Namibia,13
2012,Nepal,13
2012,Nicaragua,2
2012,Niger,28977
2012,Nigeria,173344
2012,North Korea,0
2012,Oman,0
2012,Pakistan,1703
2012,Panama,1
2012,Papua New Guinea,2739
2012,Paraguay,0
2012,Peru,24
2012,Philippines,35
2012,Rwanda,2903
2012,Sao Tome and Principe,7
2012,Saudi Arabia,0
2012,Senegal,3712
2012,Sierra Leone,14021
2012,Solomon Islands,89
2012,Somalia,1109
2012,South Africa,72
2012,South Korea,0
2012,South Sudan,5840
2012,South-East Asia (WHO),26879
2012,Sri Lanka,0
2012,Sudan,2848
2012,Suriname,0
2012,Syria,0
2012,Tajikistan,0
2012,Tanzania,20879
2012,Thailand,37
2012,Togo,4526
2012,Turkey,0
2012,Turkmenistan,0
2012,Uganda,19568
2012,United Arab Emirates,0
2012,Uzbekistan,0
2012,Vanuatu,0
2012,Venezuela,56
2012,Vietnam,41
2012,Western Pacific (WHO),3472
2012,World,622370
2012,Yemen,2197
2012,Zambia,7458
2012,Zimbabwe,1516
2013,Afghanistan,129
2013,Africa (WHO),570160
2013,Algeria,0
2013,Americas (WHO),470
2013,Angola,11470
2013,Argentina,0
2013,Armenia,0
2013,Azerbaijan,0
2013,Bangladesh,77
2013,Belize,0
2013,Benin,9973
2013,Bhutan,0
2013,Bolivia,6
2013,Botswana,1
2013,Brazil,40
2013,Burkina Faso,27175
2013,Burundi,4899
2013,Cambodia,231
2013,Cameroon,12197
2013,Cape Verde,0
2013,Central African Republic,6813
2013,Chad,11132
2013,China,0
2013,Colombia,10
2013,Comoros,135
2013,Congo,2119
2013,Costa Rica,0
2013,Cote d'Ivoire,13315
2013,Democratic Republic of Congo,59282
2013,Djibouti,4
2013,Dominican Republic,5
2013,East Timor,1
2013,Eastern Mediterranean (WHO),7517
2013,Ecuador,0
2013,El Salvador,0
2013,Equatorial Guinea,873
2013,Eritrea,88
2013,Eswatini,1
2013,Ethiopia,27024
2013,Europe (WHO),0
2013,Gabon,378
2013,Gambia,541
2013,Georgia,0
2013,Ghana,16352
2013,Guatemala,2
2013,Guinea,12537
2013,Guinea-Bissau,815
2013,Guyana,90
2013,Haiti,160
2013,Honduras,5
2013,India,16683
2013,Indonesia,2446
2013,Iran,0
2013,Iraq,0
2013,Kazakhstan,0
2013,Kenya,10058
2013,Kyrgyzstan,0
2013,Laos,125
2013,Liberia,2916
2013,Madagascar,3701
2013,Malawi,7925
2013,Malaysia,10
2013,Mali,25545
2013,Mauritania,953
2013,Mayotte,0
2013,Mexico,0
2013,Morocco,0
2013,Mozambique,25425
2013,Myanmar,1169
2013,Namibia,20
2013,Nepal,6
2013,Nicaragua,0
2013,Niger,28864
2013,Nigeria,168943
2013,North Korea,0
2013,Oman,0
2013,Pakistan,1165
2013,Panama,0
2013,Papua New Guinea,3452
2013,Paraguay,0
2013,Peru,45
2013,Philippines,36
2013,Rwanda,2894
2013,Sao Tome and Principe,11
2013,Saudi Arabia,0
2013,Senegal,3741
2013,Sierra Leone,13009
2013,Solomon Islands,83
2013,Somalia,1352
2013,South Africa,105
2013,South Korea,0
2013,South Sudan,5925
2013,South-East Asia (WHO),20429
2013,Sri Lanka,0
2013,Sudan,3081
2013,Suriname,1
2013,Syria,0
2013,Tajikistan,0
2013,Tanzania,21744
2013,Thailand,47
2013,Togo,5138
2013,Turkey,0
2013,Turkmenistan,0
2013,Uganda,15938
2013,United Arab Emirates,0
2013,Uzbekistan,0
2013,Vanuatu,0
2013,Venezuela,105
2013,Vietnam,34
2013,Western Pacific (WHO),3971
2013,World,602547
2013,Yemen,1786
2013,Zambia,7974
2013,Zimbabwe,2211
2014,Afghanistan,152
2014,Africa (WHO),549364
2014,Algeria,0
2014,Americas (WHO),348
2014,Angola,11659
2014,Argentina,0
2014,Armenia,0
2014,Azerbaijan,0
2014,Bangladesh,160
2014,Belize,0
2014,Benin,10522
2014,Bhutan,0
2014,Bolivia,4
2014,Botswana,5
2014,Brazil,36
2014,Burkina Faso,23619
2014,Burundi,4990
2014,Cambodia,399
2014,Cameroon,12438
2014,Cape Verde,1
2014,Central African Republic,6684
2014,Chad,11106
2014,China,0
2014,Colombia,17
2014,Comoros,5
2014,Congo,2147
2014,Costa Rica,0
2014,Cote d'Ivoire,12233
2014,Democratic Republic of Congo,56824
2014,Djibouti,24
2014,Dominican Republic,4
2014,East Timor,0
2014,Eastern Mediterranean (WHO),7524
2014,Ecuador,0
2014,El Salvador,0
2014,Equatorial Guinea,904
2014,Eritrea,227
2014,Eswatini,0
2014,Ethiopia,23862
2014,Europe (WHO),0
2014,Gabon,403
2014,Gambia,551
2014,Georgia,0
2014,Ghana,14869
2014,Guatemala,2
2014,Guinea,11602
2014,Guinea-Bissau,800
2014,Guyana,27
2014,Haiti,84
2014,Honduras,3
2014,India,20130
2014,Indonesia,1895
2014,Iran,0
2014,Iraq,0
2014,Kazakhstan,0
2014,Kenya,10182
2014,Kyrgyzstan,0
2014,Laos,134
2014,Liberia,3315
2014,Madagascar,2665
2014,Malawi,7365
2014,Malaysia,4
2014,Mali,22863
2014,Mauritania,996
2014,Mayotte,0
2014,Mexico,0
2014,Morocco,0
2014,Mozambique,24756
2014,Myanmar,729
2014,Namibia,65
2014,Nepal,3
2014,Nicaragua,0
2014,Niger,27969
2014,Nigeria,165188
2014,North Korea,0
2014,Oman,0
2014,Pakistan,725
2014,Panama,0
2014,Papua New Guinea,3142
2014,Paraguay,0
2014,Peru,60
2014,Philippines,29
2014,Rwanda,2904
2014,Sao Tome and Principe,0
2014,Saudi Arabia,0
2014,Senegal,3857
2014,Sierra Leone,11317
2014,Solomon Islands,56
2014,Somalia,1628
2014,South Africa,174
2014,South Korea,0
2014,South Sudan,6232
2014,South-East Asia (WHO),22955
2014,Sri Lanka,0
2014,Sudan,3497
2014,Suriname,1
2014,Syria,0
2014,Tajikistan,0
2014,Tanzania,22378
2014,Thailand,38
2014,Togo,5356
2014,Turkey,0
2014,Turkmenistan,0
2014,Uganda,15148
2014,United Arab Emirates,0
2014,Uzbekistan,0
2014,Vanuatu,0
2014,Venezuela,110
2014,Vietnam,29
2014,Western Pacific (WHO),3793
2014,World,583984
2014,Yemen,1498
2014,Zambia,8385
2014,Zimbabwe,2798
2015,Afghanistan,174
2015,Africa (WHO),541632
2015,Algeria,0
2015,Americas (WHO),390
2015,Angola,12675
2015,Argentina,0
2015,Armenia,0
2015,Azerbaijan,0
2015,Bangladesh,105
2015,Belize,0
2015,Benin,11546
2015,Bhutan,0
2015,Bolivia,3
2015,Botswana,1
2015,Brazil,35
2015,Burkina Faso,21940
2015,Burundi,5198
2015,Cambodia,374
2015,Cameroon,12932
2015,Cape Verde,0
2015,Central African Republic,6174
2015,Chad,11141
2015,China,0
2015,Colombia,18
2015,Comoros,3
2015,Congo,2024
2015,Costa Rica,0
2015,Cote d'Ivoire,14009
2015,Democratic Republic of Congo,58166
2015,Djibouti,24
2015,Dominican Republic,3
2015,East Timor,0
2015,Eastern Mediterranean (WHO),8209
2015,Ecuador,0
2015,El Salvador,0
2015,Equatorial Guinea,803
2015,Eritrea,128
2015,Eswatini,0
2015,Ethiopia,22125
2015,Europe (WHO),0
2015,Gabon,407
2015,Gambia,557
2015,Georgia,0
2015,Ghana,13459
2015,Guatemala,2
2015,Guinea,10530
2015,Guinea-Bissau,772
2015,Guyana,22
2015,Haiti,82
2015,Honduras,4
2015,India,21702
2015,Indonesia,1651
2015,Iran,0
2015,Iraq,0
2015,Kazakhstan,0
2015,Kenya,10351
2015,Kyrgyzstan,0
2015,Laos,80
2015,Liberia,3070
2015,Madagascar,5800
2015,Malawi,7023
2015,Malaysia,4
2015,Mali,17783
2015,Mauritania,1032
2015,Mayotte,0
2015,Mexico,0
2015,Morocco,0
2015,Mozambique,23519
2015,Myanmar,481
2015,Namibia,38
2015,Nepal,2
2015,Nicaragua,1
2015,Niger,26184
2015,Nigeria,163088
2015,North Korea,0
2015,Oman,0
2015,Pakistan,765
2015,Panama,0
2015,Papua New Guinea,1860
2015,Paraguay,0
2015,Peru,70
2015,Philippines,63
2015,Rwanda,2948
2015,Sao Tome and Principe,0
2015,Saudi Arabia,0
2015,Senegal,3910
2015,Sierra Leone,10884
2015,Solomon Islands,57
2015,Somalia,1989
2015,South Africa,110
2015,South Korea,0
2015,South Sudan,6542
2015,South-East Asia (WHO),23974
2015,Sri Lanka,0
2015,Sudan,3948
2015,Suriname,0
2015,Syria,0
2015,Tajikistan,0
2015,Tanzania,22917
2015,Thailand,33
2015,Togo,5177
2015,Turkey,0
2015,Turkmenistan,0
2015,Uganda,15704
2015,United Arab Emirates,0
2015,Uzbekistan,0
2015,Vanuatu,0
2015,Venezuela,150
2015,Vietnam,16
2015,Western Pacific (WHO),2454
2015,World,576659
2015,Yemen,1309
2015,Zambia,8231
2015,Zimbabwe,2731
2016,Afghanistan,351
2016,Africa (WHO),542311
2016,Algeria,0
2016,Americas (WHO),530
2016,Angola,13553
2016,Argentina,0
2016,Armenia,0
2016,Azerbaijan,0
2016,Bangladesh,72
2016,Belize,0
2016,Benin,11849
2016,Bhutan,0
2016,Bolivia,2
2016,Botswana,2
2016,Brazil,35
2016,Burkina Faso,20625
2016,Burundi,5851
2016,Cambodia,204
2016,Cameroon,13698
2016,Cape Verde,1
2016,Central African Republic,5763
2016,Chad,11414
2016,China,0
2016,Colombia,36
2016,Comoros,2
2016,Congo,2158
2016,Costa Rica,0
2016,Cote d'Ivoire,16874
2016,Democratic Republic of Congo,63972
2016,Djibouti,30
2016,Dominican Republic,1
2016,East Timor,0
2016,Eastern Mediterranean (WHO),9484
2016,Ecuador,0
2016,El Salvador,0
2016,Equatorial Guinea,740
2016,Eritrea,198
2016,Eswatini,0
2016,Ethiopia,16302
2016,Europe (WHO),0
2016,Gabon,387
2016,Gambia,562
2016,Georgia,0
2016,Ghana,12174
2016,Guatemala,2
2016,Guinea,9742
2016,Guinea-Bissau,817
2016,Guyana,25
2016,Haiti,92
2016,Honduras,5
2016,India,22399
2016,Indonesia,1893
2016,Iran,0
2016,Iraq,0
2016,Kazakhstan,0
2016,Kenya,10733
2016,Kyrgyzstan,0
2016,Laos,32
2016,Liberia,3789
2016,Madagascar,3482
2016,Malawi,6954
2016,Malaysia,2
2016,Mali,14736
2016,Mauritania,1049
2016,Mayotte,0
2016,Mexico,0
2016,Morocco,0
2016,Mozambique,22857
2016,Myanmar,274
2016,Namibia,82
2016,Nepal,2
2016,Nicaragua,2
2016,Niger,26110
2016,Nigeria,165672
2016,North Korea,0
2016,Oman,0
2016,Pakistan,844
2016,Panama,0
2016,Papua New Guinea,2568
2016,Paraguay,0
2016,Peru,69
2016,Philippines,38
2016,Rwanda,3027
2016,Sao Tome and Principe,1
2016,Saudi Arabia,0
2016,Senegal,3904
2016,Sierra Leone,9659
2016,Solomon Islands,103
2016,Somalia,2051
2016,South Africa,34
2016,South Korea,0
2016,South Sudan,6890
2016,South-East Asia (WHO),24667
2016,Sri Lanka,0
2016,Sudan,4527
2016,Suriname,0
2016,Syria,0
2016,Tajikistan,0
2016,Tanzania,23689
2016,Thailand,27
2016,Togo,4414
2016,Turkey,0
2016,Turkmenistan,0
2016,Uganda,18494
2016,United Arab Emirates,0
2016,Uzbekistan,0
2016,Vanuatu,0
2016,Venezuela,261
2016,Vietnam,7
2016,Western Pacific (WHO),2954
2016,World,579946
2016,Yemen,1681
2016,Zambia,8104
2016,Zimbabwe,1947
2017,Afghanistan,378
2017,Africa (WHO),555248
2017,Algeria,0
2017,Americas (WHO),665
2017,Angola,14080
2017,Argentina,0
2017,Armenia,0
2017,Azerbaijan,0
2017,Bangladesh,73
2017,Belize,0
2017,Benin,10854
2017,Bhutan,0
2017,Bolivia,2
2017,Botswana,7
2017,Brazil,34
2017,Burkina Faso,20228
2017,Burundi,6125
2017,Cambodia,336
2017,Cameroon,13736
2017,Cape Verde,2
2017,Central African Republic,5533
2017,Chad,11657
2017,China,0
2017,Colombia,19
2017,Comoros,8
2017,Congo,2215
2017,Costa Rica,0
2017,Cote d'Ivoire,18079
2017,Democratic Republic of Congo,67810
2017,Djibouti,25
2017,Dominican Republic,1
2017,East Timor,0
2017,Eastern Mediterranean (WHO),10243
2017,Ecuador,0
2017,El Salvador,0
2017,Equatorial Guinea,756
2017,Eritrea,221
2017,Eswatini,1
2017,Ethiopia,12460
2017,Europe (WHO),0
2017,Gabon,383
2017,Gambia,577
2017,Georgia,0
2017,Ghana,11839
2017,Guatemala,1
2017,Guinea,9277
2017,Guinea-Bissau,829
2017,Guyana,34
2017,Haiti,84
2017,Honduras,0
2017,India,16285
2017,Indonesia,1306
2017,Iran,0
2017,Iraq,0
2017,Kazakhstan,0
2017,Kenya,11223
2017,Kyrgyzstan,0
2017,Laos,21
2017,Liberia,4046
2017,Madagascar,4873
2017,Malawi,7024
2017,Malaysia,1
2017,Mali,15442
2017,Mauritania,1069
2017,Mayotte,0
2017,Mexico,0
2017,Morocco,0
2017,Mozambique,21403
2017,Myanmar,209
2017,Namibia,228
2017,Nepal,0
2017,Nicaragua,1
2017,Niger,23815
2017,Nigeria,176539
2017,North Korea,0
2017,Oman,0
2017,Pakistan,641
2017,Panama,0
2017,Papua New Guinea,2510
2017,Paraguay,0
2017,Peru,64
2017,Philippines,36
2017,Rwanda,3086
2017,Sao Tome and Principe,1
2017,Saudi Arabia,0
2017,Senegal,3987
2017,Sierra Leone,8760
2017,Solomon Islands,134
2017,Somalia,2100
2017,South Africa,301
2017,South Korea,0
2017,South Sudan,7134
2017,South-East Asia (WHO),17888
2017,Sri Lanka,0
2017,Sudan,5213
2017,Suriname,1
2017,Syria,0
2017,Tajikistan,0
2017,Tanzania,23852
2017,Thailand,15
2017,Togo,3793
2017,Turkey,0
2017,Turkmenistan,0
2017,Uganda,20560
2017,United Arab Emirates,0
2017,Uzbekistan,0
2017,Vanuatu,0
2017,Venezuela,424
2017,Vietnam,9
2017,Western Pacific (WHO),3047
2017,World,587091
2017,Yemen,1886
2017,Zambia,8011
2017,Zimbabwe,3424
2018,Afghanistan,292
2018,Africa (WHO),541171
2018,Algeria,0
2018,Americas (WHO),572
2018,Angola,13624
2018,Argentina,0
2018,Armenia,0
2018,Azerbaijan,0
2018,Bangladesh,26
2018,Belize,0
2018,Benin,10428
2018,Bhutan,0
2018,Bolivia,2
2018,Botswana,2
2018,Brazil,56
2018,Burkina Faso,18482
2018,Burundi,5299
2018,Cambodia,265
2018,Cameroon,12898
2018,Cape Verde,0
2018,Central African Republic,5397
2018,Chad,11502
2018,China,0
2018,Colombia,9
2018,Comoros,38
2018,Congo,2227
2018,Costa Rica,0
2018,Cote d'Ivoire,15035
2018,Democratic Republic of Congo,65576
2018,Djibouti,43
2018,Dominican Republic,1
2018,East Timor,0
2018,Eastern Mediterranean (WHO),11137
2018,Ecuador,0
2018,El Salvador,0
2018,Equatorial Guinea,724
2018,Eritrea,196
2018,Eswatini,1
2018,Ethiopia,6500
2018,Europe (WHO),0
2018,Gabon,387
2018,Gambia,596
2018,Georgia,0
2018,Ghana,12227
2018,Guatemala,1
2018,Guinea,8500
2018,Guinea-Bissau,880
2018,Guyana,39
2018,Haiti,40
2018,Honduras,0
2018,India,9630
2018,Indonesia,1142
2018,Iran,0
2018,Iraq,0
2018,Kazakhstan,0
2018,Kenya,11218
2018,Kyrgyzstan,0
2018,Laos,23
2018,Liberia,3419
2018,Madagascar,4750
2018,Malawi,7021
2018,Malaysia,0
2018,Mali,18423
2018,Mauritania,1085
2018,Mayotte,0
2018,Mexico,0
2018,Morocco,0
2018,Mozambique,19200
2018,Myanmar,164
2018,Namibia,128
2018,Nepal,1
2018,Nicaragua,3
2018,Niger,22047
2018,Nigeria,186940
2018,North Korea,0
2018,Oman,0
2018,Pakistan,511
2018,Panama,0
2018,Papua New Guinea,2571
2018,Paraguay,0
2018,Peru,48
2018,Philippines,25
2018,Rwanda,3093
2018,Sao Tome and Principe,0
2018,Saudi Arabia,0
2018,Senegal,4192
2018,Sierra Leone,7408
2018,Solomon Islands,109
2018,Somalia,2198
2018,South Africa,69
2018,South Korea,0
2018,South Sudan,6869
2018,South-East Asia (WHO),10978
2018,Sri Lanka,0
2018,Sudan,5882
2018,Suriname,0
2018,Syria,0
2018,Tajikistan,0
2018,Tanzania,24278
2018,Thailand,15
2018,Togo,3667
2018,Turkey,0
2018,Turkmenistan,0
2018,Uganda,17114
2018,United Arab Emirates,0
2018,Uzbekistan,0
2018,Vanuatu,0
2018,Venezuela,373
2018,Vietnam,6
2018,Western Pacific (WHO),2999
2018,World,566857
2018,Yemen,2211
2018,Zambia,8107
2018,Zimbabwe,1624
2019,Afghanistan,170
2019,Africa (WHO),544165
2019,Algeria,0
2019,Americas (WHO),510
2019,Angola,13897
2019,Argentina,0
2019,Armenia,0
2019,Azerbaijan,0
2019,Bangladesh,47
2019,Belize,0
2019,Benin,10454
2019,Bhutan,0
2019,Bolivia,4
2019,Botswana,0
2019,Brazil,37
2019,Burkina Faso,19228
2019,Burundi,5315
2019,Cambodia,102
2019,Cameroon,12792
2019,Cape Verde,0
2019,Central African Republic,5096
2019,Chad,11621
2019,China,0
2019,Colombia,3
2019,Comoros,45
2019,Congo,2360
2019,Costa Rica,0
2019,Cote d'Ivoire,14918
2019,Democratic Republic of Congo,65353
2019,Djibouti,97
2019,Dominican Republic,4
2019,East Timor,0
2019,Eastern Mediterranean (WHO),11903
2019,Ecuador,0
2019,El Salvador,0
2019,Equatorial Guinea,726
2019,Eritrea,437
2019,Eswatini,0
2019,Ethiopia,5708
2019,Europe (WHO),0
2019,Gabon,384
2019,Gambia,601
2019,Georgia,0
2019,Ghana,12324
2019,Guatemala,0
2019,Guinea,8611
2019,Guinea-Bissau,875
2019,Guyana,30
2019,Haiti,45
2019,Honduras,0
2019,India,7704
2019,Indonesia,1395
2019,Iran,0
2019,Iraq,0
2019,Kazakhstan,0
2019,Kenya,11298
2019,Kyrgyzstan,0
2019,Laos,11
2019,Liberia,3390
2019,Madagascar,5026
2019,Malawi,7061
2019,Malaysia,0
2019,Mali,18630
2019,Mauritania,1114
2019,Mayotte,0
2019,Mexico,0
2019,Morocco,0
2019,Mozambique,19156
2019,Myanmar,97
2019,Namibia,14
2019,Nepal,0
2019,Nicaragua,1
2019,Niger,22568
2019,Nigeria,187428
2019,North Korea,0
2019,Oman,0
2019,Pakistan,544
2019,Panama,0
2019,Papua New Guinea,2250
2019,Paraguay,0
2019,Peru,35
2019,Philippines,31
2019,Rwanda,3143
2019,Sao Tome and Principe,0
2019,Saudi Arabia,0
2019,Senegal,4251
2019,Sierra Leone,7236
2019,Solomon Islands,158
2019,Somalia,2311
2019,South Africa,79
2019,South Korea,0
2019,South Sudan,7095
2019,South-East Asia (WHO),9256
2019,Sri Lanka,0
2019,Sudan,6673
2019,Suriname,0
2019,Syria,0
2019,Tajikistan,0
2019,Tanzania,24699
2019,Thailand,13
2019,Togo,3703
2019,Turkey,0
2019,Turkmenistan,0
2019,Uganda,17282
2019,United Arab Emirates,0
2019,Uzbekistan,0
2019,Vanuatu,0
2019,Venezuela,351
2019,Vietnam,6
2019,Western Pacific (WHO),2558
2019,World,568392
2019,Yemen,2108
2019,Zambia,8244
2019,Zimbabwe,2003
2020,Afghanistan,110
2020,Africa (WHO),599400
2020,Algeria,0
2020,Americas (WHO),418
2020,Angola,14853
2020,Argentina,0
2020,Armenia,0
2020,Azerbaijan,0
2020,Bangladesh,15
2020,Belize,0
2020,Benin,10585
2020,Bhutan,0
2020,Bolivia,6
2020,Botswana,4
2020,Brazil,51
2020,Burkina Faso,21402
2020,Burundi,5792
2020,Cambodia,27
2020,Cameroon,14505
2020,Cape Verde,0
2020,Central African Republic,5130
2020,Chad,12190
2020,China,0
2020,Colombia,5
2020,Comoros,11
2020,Congo,2279
2020,Costa Rica,0
2020,Cote d'Ivoire,15110
2020,Democratic Republic of Congo,78709
2020,Djibouti,126
2020,Dominican Republic,2
2020,East Timor,0
2020,Eastern Mediterranean (WHO),12727
2020,Ecuador,3
2020,El Salvador,0
2020,Equatorial Guinea,766
2020,Eritrea,372
2020,Eswatini,0
2020,Ethiopia,9424
2020,Europe (WHO),0
2020,Gabon,385
2020,Gambia,608
2020,Georgia,0
2020,Ghana,12516
2020,Guatemala,0
2020,Guinea,9954
2020,Guinea-Bissau,969
2020,Guyana,28
2020,Haiti,104
2020,Honduras,0
2020,India,7316
2020,Indonesia,1415
2020,Iran,0
2020,Iraq,0
2020,Kazakhstan,0
2020,Kenya,11768
2020,Kyrgyzstan,0
2020,Laos,7
2020,Liberia,3931
2020,Madagascar,10265
2020,Malawi,7400
2020,Malaysia,0
2020,Mali,20662
2020,Mauritania,1129
2020,Mexico,0
2020,Morocco,0
2020,Mozambique,23693
2020,Myanmar,77
2020,Namibia,51
2020,Nepal,0
2020,Nicaragua,0
2020,Niger,24068
2020,Nigeria,195720
2020,North Korea,0
2020,Oman,0
2020,Pakistan,454
2020,Panama,0
2020,Papua New Guinea,2962
2020,Paraguay,0
2020,Peru,23
2020,Philippines,33
2020,Rwanda,3205
2020,Sao Tome and Principe,0
2020,Saudi Arabia,0
2020,Senegal,4311
2020,Sierra Leone,9020
2020,Solomon Islands,123
2020,Somalia,2372
2020,South Africa,38
2020,South Korea,0
2020,South Sudan,7290
2020,South-East Asia (WHO),8826
2020,Sri Lanka,0
2020,Sudan,7635
2020,Suriname,0
2020,Syria,0
2020,Tajikistan,0
2020,Tanzania,25464
2020,Thailand,3
2020,Togo,3745
2020,Turkey,0
2020,Turkmenistan,0
2020,Uganda,20279
2020,United Arab Emirates,0
2020,Uzbekistan,0
2020,Vanuatu,0
2020,Venezuela,196
2020,Vietnam,2
2020,Western Pacific (WHO),3154
2020,World,624525
2020,Yemen,2030
2020,Zambia,8846
2020,Zimbabwe,2951
2021,Afghanistan,91
2021,Africa (WHO),593470
2021,Algeria,0
2021,Americas (WHO),334
2021,Angola,17836
2021,Argentina,0
2021,Armenia,0
2021,Azerbaijan,0
2021,Bangladesh,16
2021,Belize,0
2021,Benin,11154
2021,Bhutan,0
2021,Bolivia,5
2021,Botswana,2
2021,Brazil,58
2021,Burkina Faso,18976
2021,Burundi,5957
2021,Cambodia,10
2021,Cameroon,13839
2021,Cape Verde,0
2021,Central African Republic,5151
2021,Chad,11744
2021,China,0
2021,Colombia,11
2021,Comoros,26
2021,Congo,2293
2021,Costa Rica,0
2021,Cote d'Ivoire,14906
2021,Democratic Republic of Congo,78847
2021,Djibouti,117
2021,Dominican Republic,1
2021,East Timor,0
2021,Eastern Mediterranean (WHO),13413
2021,Ecuador,0
2021,El Salvador,0
2021,Equatorial Guinea,785
2021,Eritrea,211
2021,Eswatini,0
2021,Ethiopia,8041
2021,Europe (WHO),0
2021,Gabon,384
2021,Gambia,615
2021,Georgia,0
2021,Ghana,12557
2021,Guatemala,0
2021,Guinea,9439
2021,Guinea-Bissau,1029
2021,Guyana,27
2021,Haiti,57
2021,Honduras,2
2021,India,7450
2021,Indonesia,1412
2021,Iran,0
2021,Iraq,0
2021,Kazakhstan,0
2021,Kenya,12011
2021,Kyrgyzstan,0
2021,Laos,6
2021,Liberia,3578
2021,Madagascar,12571
2021,Malawi,7392
2021,Malaysia,0
2021,Mali,19933
2021,Mauritania,1144
2021,Mauritius,0
2021,Mexico,0
2021,Morocco,0
2021,Mozambique,22291
2021,Myanmar,231
2021,Namibia,54
2021,Nepal,0
2021,Nicaragua,0
2021,Niger,24997
2021,Nigeria,193512
2021,North Korea,0
2021,Oman,0
2021,Pakistan,460
2021,Panama,0
2021,Papua New Guinea,2449
2021,Paraguay,0
2021,Peru,17
2021,Philippines,22
2021,Rwanda,3258
2021,Sao Tome and Principe,1
2021,Saudi Arabia,0
2021,Senegal,4375
2021,Sierra Leone,8314
2021,Solomon Islands,162
2021,Somalia,2506
2021,South Africa,56
2021,South Korea,0
2021,South Sudan,7344
2021,South-East Asia (WHO),9109
2021,Sri Lanka,0
2021,Sudan,7784
2021,Suriname,0
2021,Syria,0
2021,Tajikistan,0
2021,Tanzania,25787
2021,Thailand,0
2021,Togo,3715
2021,Turkey,0
2021,Turkmenistan,0
2021,Uganda,19663
2021,United Arab Emirates,0
2021,Uzbekistan,0
2021,Vanuatu,0
2021,Venezuela,156
2021,Vietnam,0
2021,Western Pacific (WHO),2649
2021,World,618975
2021,Yemen,2455
2021,Zambia,8806
2021,Zimbabwe,876
