year,country,estimated_malaria_mortality_rate__per_100_000_population
2000,Afghanistan,6.40603
2000,Africa (WHO),148.42949
2000,Algeria,0.11064
2000,Americas (WHO),0.83797
2000,Angola,143.21039
2000,Argentina,0.0
2000,Armenia,0.0
2000,Azerbaijan,0.0
2000,Bangladesh,1.43246
2000,Belize,0.0
2000,Benin,106.02995
2000,Bhutan,3.45198
2000,Bolivia,0.61566
2000,Botswana,4.27964
2000,Brazil,0.68623
2000,Burkina Faso,318.4832
2000,Burundi,179.78143
2000,Cambodia,18.45905
2000,Cameroon,106.21144
2000,Central African Republic,200.17717
2000,Chad,103.14984
2000,China,0.00738
2000,Colombia,1.42827
2000,Comoros,16.58103
2000,Congo,91.86255
2000,Costa Rica,0.0
2000,Cote d'Ivoire,190.94423
2000,Democratic Republic of Congo,206.71043
2000,Djibouti,0.71882
2000,Dominican Republic,0.12754
2000,East Timor,29.5362
2000,Eastern Mediterranean (WHO),3.98083
2000,Ecuador,17.9379
2000,El Salvador,0.0
2000,Equatorial Guinea,104.38307
2000,Eritrea,4.09548
2000,Eswatini,0.69315
2000,Ethiopia,55.30293
2000,Europe (WHO),0.0
2000,French Guiana,9.89751
2000,Gabon,28.67389
2000,Gambia,43.96402
2000,Georgia,0.0
2000,Ghana,94.82087
2000,Guatemala,0.30475
2000,Guinea,196.90614
2000,Guinea-Bissau,186.5379
2000,Guyana,6.58717
2000,Haiti,2.46345
2000,Honduras,0.38145
2000,India,2.98559
2000,Indonesia,0.72405
2000,Iran,0.59772
2000,Kenya,36.87328
2000,Kyrgyzstan,0.0
2000,Laos,7.82055
2000,Liberia,221.95174
2000,Madagascar,13.80698
2000,Malawi,161.80759
2000,Malaysia,3.81344
2000,Mali,220.11546
2000,Mauritania,34.76805
2000,Mexico,0.0
2000,Mozambique,251.5631
2000,Myanmar,10.11677
2000,Namibia,13.71245
2000,Nepal,0.35067
2000,Nicaragua,0.17887
2000,Niger,225.26675
2000,Nigeria,202.89375
2000,North Korea,0.0
2000,Pakistan,0.65168
2000,Panama,0.03444
2000,Papua New Guinea,57.04122
2000,Paraguay,0.0
2000,Peru,1.01253
2000,Philippines,0.4506
2000,Rwanda,83.46497
2000,Sao Tome and Principe,176.73991
2000,Senegal,63.00308
2000,Sierra Leone,276.30487
2000,Solomon Islands,111.82161
2000,Somalia,34.54695
2000,South Africa,9.05726
2000,South Korea,0.0
2000,South Sudan,179.47678
2000,South-East Asia (WHO),2.73951
2000,Sri Lanka,1.783
2000,Sudan,22.7311
2000,Suriname,33.92322
2000,Tajikistan,0.0
2000,Tanzania,123.54737
2000,Thailand,5.22247
2000,Togo,103.37388
2000,Turkey,0.0
2000,Turkmenistan,0.0
2000,Uganda,186.03957
2000,Uzbekistan,0.0
2000,Vanuatu,17.70151
2000,Venezuela,0.21287
2000,Vietnam,0.72308
2000,Western Pacific (WHO),0.94115
2000,World,30.08824
2000,Yemen,22.11436
2000,Zambia,126.22413
2000,Zimbabwe,27.10608
2001,Afghanistan,6.35864
2001,Africa (WHO),143.24574
2001,Algeria,0.05456
2001,Americas (WHO),0.74638
2001,Angola,140.81325
2001,Argentina,0.0
2001,Armenia,0.0
2001,Azerbaijan,0.0
2001,Bangladesh,1.43377
2001,Belize,0.0
2001,Benin,106.239
2001,Bhutan,3.13625
2001,Bolivia,0.22682
2001,Botswana,1.62654
2001,Brazil,0.39251
2001,Burkina Faso,331.92477
2001,Burundi,161.91524
2001,Cambodia,10.3605
2001,Cameroon,103.02549
2001,Cape Verde,0.0
2001,Central African Republic,200.506
2001,Chad,107.38512
2001,China,0.00564
2001,Colombia,1.90483
2001,Comoros,16.24856
2001,Congo,85.73797
2001,Costa Rica,0.0
2001,Cote d'Ivoire,196.5038
2001,Democratic Republic of Congo,199.97343
2001,Djibouti,0.6968
2001,Dominican Republic,0.35601
2001,East Timor,29.5282
2001,Eastern Mediterranean (WHO),4.00957
2001,Ecuador,22.44081
2001,El Salvador,0.0
2001,Equatorial Guinea,98.98925
2001,Eritrea,5.28042
2001,Eswatini,1.02884
2001,Ethiopia,49.75617
2001,Europe (WHO),0.0
2001,French Guiana,9.49057
2001,Gabon,22.34825
2001,Gambia,39.47416
2001,Georgia,0.0
2001,Ghana,90.5842
2001,Guatemala,0.19854
2001,Guinea,188.60448
2001,Guinea-Bissau,144.26823
2001,Guyana,6.84383
2001,Haiti,2.4722
2001,Honduras,0.24218
2001,India,2.84361
2001,Indonesia,0.72405
2001,Iran,0.29379
2001,Kenya,41.25113
2001,Kyrgyzstan,0.0
2001,Laos,5.29225
2001,Liberia,213.6067
2001,Madagascar,16.43959
2001,Malawi,147.13686
2001,Malaysia,4.88478
2001,Mali,192.07819
2001,Mauritania,32.58717
2001,Mexico,0.0
2001,Morocco,0.0
2001,Mozambique,242.4054
2001,Myanmar,10.1179
2001,Namibia,17.84843
2001,Nepal,0.38651
2001,Nicaragua,0.08824
2001,Niger,193.14412
2001,Nigeria,192.21074
2001,North Korea,0.0
2001,Pakistan,0.73086
2001,Panama,0.03377
2001,Papua New Guinea,53.96167
2001,Paraguay,0.0
2001,Peru,0.8388
2001,Philippines,0.30924
2001,Rwanda,78.53899
2001,Sao Tome and Principe,169.56337
2001,Saudi Arabia,0.0
2001,Senegal,58.32144
2001,Sierra Leone,285.08804
2001,Solomon Islands,119.49788
2001,Somalia,36.21532
2001,South Africa,1.71502
2001,South Korea,0.0
2001,South Sudan,164.26794
2001,South-East Asia (WHO),2.61193
2001,Sri Lanka,1.19495
2001,Sudan,21.15986
2001,Suriname,31.94977
2001,Tajikistan,0.0
2001,Tanzania,112.9736
2001,Thailand,3.51046
2001,Togo,102.42106
2001,Turkey,0.0
2001,Turkmenistan,0.0
2001,Uganda,206.22836
2001,Uzbekistan,0.0
2001,Vanuatu,12.18064
2001,Venezuela,0.12058
2001,Vietnam,0.64599
2001,Western Pacific (WHO),0.79983
2001,World,29.28039
2001,Yemen,23.99092
2001,Zambia,123.32265
2001,Zimbabwe,27.11369
2002,Afghanistan,6.99935
2002,Africa (WHO),132.84598
2002,Algeria,0.0
2002,Americas (WHO),0.67556
2002,Angola,125.55278
2002,Argentina,0.0
2002,Armenia,0.0
2002,Azerbaijan,0.0
2002,Bangladesh,1.42817
2002,Belize,0.0
2002,Benin,116.97058
2002,Bhutan,2.40125
2002,Bolivia,0.22289
2002,Botswana,0.75622
2002,Brazil,0.2593
2002,Burkina Faso,307.98108
2002,Burundi,138.1574
2002,Cambodia,9.03916
2002,Cameroon,108.63997
2002,Cape Verde,1.62549
2002,Central African Republic,200.01791
2002,Chad,98.55189
2002,China,0.00784
2002,Colombia,1.80882
2002,Comoros,15.91995
2002,Congo,75.82949
2002,Costa Rica,0.0
2002,Cote d'Ivoire,194.36893
2002,Democratic Republic of Congo,196.6917
2002,Djibouti,0.67592
2002,Dominican Republic,0.22706
2002,East Timor,23.2606
2002,Eastern Mediterranean (WHO),3.63863
2002,Ecuador,16.80332
2002,El Salvador,0.0
2002,Equatorial Guinea,94.94573
2002,Eritrea,2.9049
2002,Eswatini,0.33987
2002,Ethiopia,44.67224
2002,Europe (WHO),0.0
2002,French Guiana,8.09004
2002,Gabon,20.57098
2002,Gambia,35.60582
2002,Georgia,0.0
2002,Ghana,81.87558
2002,Guatemala,0.21557
2002,Guinea,168.62152
2002,Guinea-Bissau,102.98068
2002,Guyana,5.52397
2002,Haiti,2.46821
2002,Honduras,0.17299
2002,India,2.64805
2002,Indonesia,0.72371
2002,Iran,0.29095
2002,Kenya,39.62498
2002,Kyrgyzstan,0.0
2002,Laos,4.25083
2002,Liberia,207.54108
2002,Madagascar,12.90384
2002,Malawi,122.10957
2002,Malaysia,3.93498
2002,Mali,186.89565
2002,Mauritania,31.18684
2002,Mexico,0.0
2002,Mozambique,219.16084
2002,Myanmar,10.1178
2002,Namibia,12.00788
2002,Nepal,0.84314
2002,Nicaragua,0.3485
2002,Niger,171.34805
2002,Nigeria,177.85046
2002,North Korea,0.0
2002,Pakistan,0.62366
2002,Panama,0.06624
2002,Papua New Guinea,44.71713
2002,Paraguay,0.0
2002,Peru,1.00597
2002,Philippines,0.38131
2002,Rwanda,63.54283
2002,Sao Tome and Principe,214.22708
2002,Saudi Arabia,0.0
2002,Senegal,46.68523
2002,Sierra Leone,269.13806
2002,Solomon Islands,114.95747
2002,Somalia,33.61986
2002,South Africa,2.0142
2002,South Korea,0.0
2002,South Sudan,140.88931
2002,South-East Asia (WHO),2.45188
2002,Sri Lanka,0.68252
2002,Sudan,16.33278
2002,Suriname,20.48928
2002,Tajikistan,0.0
2002,Tanzania,96.00443
2002,Thailand,2.9622
2002,Togo,108.35859
2002,Turkey,0.0
2002,Turkmenistan,0.0
2002,Uganda,189.80946
2002,Uzbekistan,0.0
2002,Vanuatu,25.72665
2002,Venezuela,0.15001
2002,Vietnam,0.45598
2002,Western Pacific (WHO),0.70049
2002,World,27.40522
2002,Yemen,25.90012
2002,Zambia,104.49841
2002,Zimbabwe,27.11658
2003,Afghanistan,4.57173
2003,Africa (WHO),125.72918
2003,Algeria,0.0
2003,Americas (WHO),0.63062
2003,Angola,122.27754
2003,Argentina,0.52249
2003,Armenia,0.0
2003,Azerbaijan,0.0
2003,Bangladesh,1.43069
2003,Belize,0.0
2003,Benin,127.27164
2003,Bhutan,2.98111
2003,Bolivia,0.29204
2003,Botswana,0.33026
2003,Brazil,0.28052
2003,Burkina Faso,288.87408
2003,Burundi,120.50992
2003,Cambodia,11.74345
2003,Cameroon,109.80581
2003,Cape Verde,3.20454
2003,Central African Republic,208.37674
2003,Chad,97.58495
2003,China,0.00965
2003,Colombia,1.29816
2003,Comoros,15.61047
2003,Congo,73.3797
2003,Costa Rica,0.0
2003,Cote d'Ivoire,189.24236
2003,Democratic Republic of Congo,198.24402
2003,Djibouti,0.66144
2003,Dominican Republic,0.24424
2003,East Timor,14.34162
2003,Eastern Mediterranean (WHO),3.31715
2003,Ecuador,11.86803
2003,El Salvador,0.0
2003,Equatorial Guinea,93.58209
2003,Eritrea,4.22102
2003,Eswatini,0.0
2003,Ethiopia,45.8227
2003,Europe (WHO),0.0
2003,French Guiana,8.73583
2003,Gabon,17.62916
2003,Gambia,33.00863
2003,Georgia,0.0
2003,Ghana,78.3609
2003,Guatemala,0.1686
2003,Guinea,146.50739
2003,Guinea-Bissau,64.98674
2003,Guyana,6.96853
2003,Haiti,2.46411
2003,Honduras,0.13796
2003,India,2.66408
2003,Indonesia,0.72396
2003,Iran,0.72065
2003,Kenya,37.2996
2003,Kyrgyzstan,0.0
2003,Laos,3.7159
2003,Liberia,181.38367
2003,Madagascar,16.45762
2003,Malawi,99.91756
2003,Malaysia,2.12212
2003,Mali,177.54584
2003,Mauritania,30.41626
2003,Mayotte,10.16854
2003,Mexico,0.0
2003,Mozambique,192.7215
2003,Myanmar,10.11873
2003,Namibia,11.31305
2003,Nepal,0.61702
2003,Nicaragua,0.30127
2003,Niger,148.30875
2003,Nigeria,170.10393
2003,North Korea,0.0
2003,Pakistan,0.60405
2003,Panama,0.12996
2003,Papua New Guinea,46.2323
2003,Paraguay,0.0
2003,Peru,0.87563
2003,Philippines,0.53355
2003,Rwanda,51.27222
2003,Sao Tome and Principe,125.51866
2003,Saudi Arabia,0.0
2003,Senegal,46.64333
2003,Sierra Leone,244.08946
2003,Solomon Islands,99.86794
2003,Somalia,33.2743
2003,South Africa,2.95194
2003,South Korea,0.0
2003,South Sudan,125.43678
2003,South-East Asia (WHO),2.44382
2003,Sri Lanka,0.0901
2003,Sudan,14.96684
2003,Suriname,24.19095
2003,Tajikistan,0.0
2003,Tanzania,84.73528
2003,Thailand,1.65961
2003,Togo,110.27484
2003,Turkey,0.0
2003,Turkmenistan,0.0
2003,Uganda,166.2965
2003,Uzbekistan,0.0
2003,Vanuatu,32.80935
2003,Venezuela,0.20945
2003,Vietnam,0.32808
2003,Western Pacific (WHO),0.75173
2003,World,26.24919
2003,Yemen,22.77176
2003,Zambia,92.77565
2003,Zimbabwe,27.11163
2004,Afghanistan,1.92781
2004,Africa (WHO),119.00104
2004,Algeria,0.0
2004,Americas (WHO),0.61028
2004,Angola,118.21349
2004,Argentina,0.0
2004,Armenia,0.0
2004,Azerbaijan,0.0
2004,Bangladesh,1.42723
2004,Belize,0.53257
2004,Benin,141.03394
2004,Bhutan,1.45532
2004,Bolivia,0.21525
2004,Botswana,0.2434
2004,Brazil,0.27201
2004,Burkina Faso,262.00403
2004,Burundi,99.20657
2004,Cambodia,9.71206
2004,Cameroon,113.18662
2004,Cape Verde,3.16178
2004,Central African Republic,213.28568
2004,Chad,94.27617
2004,China,0.00572
2004,Colombia,1.36652
2004,Comoros,15.31436
2004,Congo,68.19057
2004,Costa Rica,0.0
2004,Cote d'Ivoire,176.38808
2004,Democratic Republic of Congo,204.39069
2004,Djibouti,0.65177
2004,Dominican Republic,0.32121
2004,East Timor,50.46583
2004,Eastern Mediterranean (WHO),2.7804
2004,Ecuador,9.38139
2004,El Salvador,0.0
2004,Equatorial Guinea,92.69624
2004,Eritrea,1.1581
2004,Eswatini,0.33511
2004,Ethiopia,46.56604
2004,Europe (WHO),0.0
2004,French Guiana,6.53186
2004,Gabon,15.38342
2004,Gambia,30.88899
2004,Georgia,0.0
2004,Ghana,72.29836
2004,Guatemala,0.14429
2004,Guinea,122.70899
2004,Guinea-Bissau,56.86673
2004,Guyana,6.70678
2004,Haiti,2.47303
2004,Honduras,0.17943
2004,India,2.94134
2004,Indonesia,0.60503
2004,Iran,0.14182
2004,Kenya,32.43577
2004,Kyrgyzstan,0.0
2004,Laos,3.33177
2004,Liberia,150.13866
2004,Madagascar,11.29815
2004,Malawi,85.40575
2004,Malaysia,3.45396
2004,Mali,176.84293
2004,Mauritania,28.67736
2004,Mayotte,9.89487
2004,Mexico,0.0
2004,Mozambique,162.03581
2004,Myanmar,10.11894
2004,Namibia,17.53927
2004,Nepal,0.31795
2004,Nicaragua,0.04253
2004,Niger,133.73347
2004,Nigeria,165.65752
2004,North Korea,0.0
2004,Oman,0.0
2004,Pakistan,0.38327
2004,Panama,0.06374
2004,Papua New Guinea,55.88602
2004,Paraguay,0.0
2004,Peru,0.89452
2004,Philippines,0.4742
2004,Rwanda,42.28915
2004,Sao Tome and Principe,107.16754
2004,Saudi Arabia,0.0
2004,Senegal,41.45367
2004,Sierra Leone,226.13873
2004,Solomon Islands,139.59453
2004,Somalia,31.50033
2004,South Africa,1.81234
2004,South Korea,0.0
2004,South Sudan,110.56266
2004,South-East Asia (WHO),2.66277
2004,Sri Lanka,0.02231
2004,Sudan,13.565
2004,Suriname,9.28247
2004,Tajikistan,0.0
2004,Tanzania,73.59581
2004,Thailand,1.85582
2004,Togo,116.74296
2004,Turkey,0.0
2004,Turkmenistan,0.0
2004,Uganda,138.76772
2004,Uzbekistan,0.0
2004,Vanuatu,21.65501
2004,Venezuela,0.2364
2004,Vietnam,0.18957
2004,Western Pacific (WHO),0.83219
2004,World,25.23379
2004,Yemen,17.88701
2004,Zambia,78.28896
2004,Zimbabwe,27.10999
2005,Afghanistan,1.37646
2005,Africa (WHO),111.86347
2005,Algeria,0.0
2005,Americas (WHO),0.58132
2005,Angola,111.19246
2005,Argentina,0.0
2005,Armenia,0.0
2005,Azerbaijan,0.0
2005,Bangladesh,1.42552
2005,Belize,0.0
2005,Benin,149.45851
2005,Bhutan,1.01862
2005,Bolivia,0.28207
2005,Botswana,0.23906
2005,Brazil,0.32437
2005,Burkina Faso,234.25124
2005,Burundi,82.78663
2005,Cambodia,7.52574
2005,Cameroon,114.05965
2005,Cape Verde,1.56085
2005,Central African Republic,222.5557
2005,Chad,95.27604
2005,China,0.0088
2005,Colombia,0.93075
2005,Comoros,15.01646
2005,Congo,64.96337
2005,Costa Rica,0.0
2005,Cote d'Ivoire,166.65598
2005,Democratic Republic of Congo,199.33775
2005,Djibouti,0.64197
2005,Dominican Republic,0.31695
2005,East Timor,33.3462
2005,Eastern Mediterranean (WHO),2.90302
2005,Ecuador,5.48276
2005,El Salvador,0.0
2005,Equatorial Guinea,89.27683
2005,Eritrea,2.08353
2005,Eswatini,0.0
2005,Ethiopia,32.18706
2005,Europe (WHO),0.0
2005,French Guiana,4.49027
2005,Gabon,14.94837
2005,Gambia,29.39107
2005,Georgia,0.0
2005,Ghana,68.58707
2005,Guatemala,0.20173
2005,Guinea,108.37939
2005,Guinea-Bissau,56.1711
2005,Guyana,9.08242
2005,Haiti,2.46906
2005,Honduras,0.16054
2005,India,3.01596
2005,Indonesia,0.71983
2005,Iran,0.13955
2005,Kenya,28.17286
2005,Kyrgyzstan,0.0
2005,Laos,2.82381
2005,Liberia,124.36021
2005,Madagascar,8.7164
2005,Malawi,79.00814
2005,Malaysia,3.18244
2005,Mali,180.387
2005,Mauritania,29.21298
2005,Mayotte,4.85779
2005,Mexico,0.0
2005,Morocco,0.0
2005,Mozambique,134.67838
2005,Myanmar,10.11806
2005,Namibia,10.71871
2005,Nepal,0.34076
2005,Nicaragua,0.252
2005,Niger,144.4293
2005,Nigeria,163.96101
2005,North Korea,0.0
2005,Oman,0.0
2005,Pakistan,0.53842
2005,Panama,0.03127
2005,Papua New Guinea,43.02321
2005,Paraguay,0.0
2005,Peru,0.72365
2005,Philippines,0.33336
2005,Rwanda,36.93651
2005,Sao Tome and Principe,52.57298
2005,Saudi Arabia,0.0
2005,Senegal,36.9599
2005,Sierra Leone,199.81229
2005,Solomon Islands,114.51636
2005,Somalia,34.05847
2005,South Africa,1.28526
2005,South Korea,0.0
2005,South Sudan,98.49068
2005,South-East Asia (WHO),2.72385
2005,Sri Lanka,0.0
2005,Sudan,13.39175
2005,Suriname,1.31156
2005,Syria,0.0
2005,Tajikistan,0.0
2005,Tanzania,65.50032
2005,Thailand,1.289
2005,Togo,119.80887
2005,Turkey,0.0
2005,Turkmenistan,0.0
2005,Uganda,104.25244
2005,Uzbekistan,0.0
2005,Vanuatu,16.08219
2005,Venezuela,0.25498
2005,Vietnam,0.12893
2005,Western Pacific (WHO),0.66011
2005,World,24.07331
2005,Yemen,18.15092
2005,Zambia,66.59824
2005,Zimbabwe,27.11378
2006,Afghanistan,1.13198
2006,Africa (WHO),107.62667
2006,Algeria,0.0
2006,Americas (WHO),0.48662
2006,Angola,100.88115
2006,Argentina,0.0
2006,Armenia,0.0
2006,Azerbaijan,0.0
2006,Bangladesh,0.90631
2006,Belize,0.50195
2006,Benin,155.64172
2006,Bhutan,1.40502
2006,Bolivia,0.32338
2006,Botswana,0.93846
2006,Brazil,0.28698
2006,Burkina Faso,220.11363
2006,Burundi,74.41706
2006,Cambodia,9.41105
2006,Cameroon,109.70444
2006,Cape Verde,6.16765
2006,Central African Republic,233.25987
2006,Chad,97.48237
2006,China,0.00692
2006,Colombia,0.81314
2006,Comoros,14.71906
2006,Congo,58.34806
2006,Costa Rica,0.0
2006,Cote d'Ivoire,161.0648
2006,Democratic Republic of Congo,197.80708
2006,Djibouti,0.78723
2006,Dominican Republic,0.19555
2006,East Timor,34.85155
2006,Eastern Mediterranean (WHO),2.86121
2006,Ecuador,2.20467
2006,El Salvador,0.0
2006,Equatorial Guinea,83.05556
2006,Eritrea,1.24996
2006,Eswatini,0.0
2006,Ethiopia,28.08825
2006,Europe (WHO),0.0
2006,French Guiana,4.34749
2006,Gabon,14.24261
2006,Gambia,28.458
2006,Georgia,0.0
2006,Ghana,67.8916
2006,Guatemala,0.14814
2006,Guinea,103.75511
2006,Guinea-Bissau,53.46191
2006,Guyana,5.27449
2006,Haiti,2.5004
2006,Honduras,0.11403
2006,India,2.53947
2006,Indonesia,0.84427
2006,Iran,0.13741
2006,Kenya,25.89556
2006,Kyrgyzstan,0.0
2006,Laos,3.97512
2006,Liberia,106.35536
2006,Madagascar,8.5115
2006,Malawi,79.46147
2006,Malaysia,1.98043
2006,Mali,171.73949
2006,Mauritania,28.3653
2006,Mayotte,2.38095
2006,Mexico,0.0
2006,Morocco,0.0
2006,Mozambique,131.6745
2006,Myanmar,7.13108
2006,Namibia,11.0348
2006,Nepal,0.4157
2006,Nicaragua,0.04143
2006,Niger,134.69386
2006,Nigeria,161.01392
2006,North Korea,0.0
2006,Oman,0.0
2006,Pakistan,0.50382
2006,Panama,0.03069
2006,Papua New Guinea,43.58833
2006,Paraguay,0.0
2006,Peru,0.4665
2006,Philippines,0.39766
2006,Rwanda,33.7538
2006,Sao Tome and Principe,15.68864
2006,Saudi Arabia,0.0
2006,Senegal,34.8563
2006,Sierra Leone,186.65099
2006,Solomon Islands,112.386
2006,Somalia,30.25506
2006,South Africa,1.75787
2006,South Korea,0.0
2006,South Sudan,89.99296
2006,South-East Asia (WHO),2.30531
2006,Sri Lanka,0.02188
2006,Sudan,12.90675
2006,Suriname,1.29698
2006,Syria,0.0
2006,Tajikistan,0.0
2006,Tanzania,59.3042
2006,Thailand,0.89791
2006,Togo,112.79757
2006,Turkey,0.0
2006,Turkmenistan,0.0
2006,Uganda,88.30778
2006,Uzbekistan,0.0
2006,Vanuatu,13.45756
2006,Venezuela,0.24352
2006,Vietnam,0.1487
2006,Western Pacific (WHO),0.71037
2006,World,23.29471
2006,Yemen,21.37393
2006,Zambia,59.45755
2006,Zimbabwe,27.10786
2007,Afghanistan,1.18198
2007,Africa (WHO),102.13065
2007,Algeria,0.0
2007,Americas (WHO),0.41431
2007,Angola,86.9071
2007,Argentina,0.0
2007,Armenia,0.0
2007,Azerbaijan,0.0
2007,Bangladesh,1.69689
2007,Belize,0.0
2007,Benin,142.71902
2007,Bhutan,0.39652
2007,Bolivia,0.24968
2007,Botswana,0.23005
2007,Brazil,0.24013
2007,Burkina Faso,220.5383
2007,Burundi,69.38038
2007,Cambodia,4.06229
2007,Cameroon,97.51332
2007,Cape Verde,1.52404
2007,Central African Republic,226.02776
2007,Chad,98.49776
2007,China,0.00326
2007,Colombia,0.70925
2007,Comoros,14.427
2007,Congo,52.19485
2007,Costa Rica,0.0
2007,Cote d'Ivoire,160.49289
2007,Democratic Republic of Congo,185.00757
2007,Djibouti,0.77062
2007,Dominican Republic,0.32825
2007,East Timor,23.57312
2007,Eastern Mediterranean (WHO),2.36473
2007,Ecuador,1.92633
2007,El Salvador,0.0
2007,Equatorial Guinea,73.56552
2007,Eritrea,2.05046
2007,Eswatini,0.0
2007,Ethiopia,22.78621
2007,Europe (WHO),0.0
2007,French Guiana,4.23671
2007,Gabon,13.74394
2007,Gambia,27.65056
2007,Georgia,0.0
2007,Ghana,63.85522
2007,Guatemala,0.05803
2007,Guinea,104.12606
2007,Guinea-Bissau,52.11737
2007,Guyana,2.64368
2007,Haiti,2.22176
2007,Honduras,0.09752
2007,India,2.49261
2007,Indonesia,0.72427
2007,Iran,0.40629
2007,Iraq,0.0
2007,Kenya,25.08361
2007,Kyrgyzstan,0.0
2007,Laos,3.65828
2007,Liberia,96.95161
2007,Madagascar,5.48056
2007,Malawi,82.80561
2007,Malaysia,1.38414
2007,Mali,154.63487
2007,Mauritania,27.36635
2007,Mayotte,2.3238
2007,Mexico,0.0
2007,Morocco,0.0
2007,Mozambique,122.20571
2007,Myanmar,8.87844
2007,Namibia,3.25688
2007,Nepal,0.50294
2007,Nicaragua,0.0
2007,Niger,134.75749
2007,Nigeria,154.54297
2007,North Korea,0.0
2007,Oman,0.0
2007,Pakistan,0.49147
2007,Panama,0.03012
2007,Papua New Guinea,38.89574
2007,Paraguay,0.0
2007,Peru,0.3828
2007,Philippines,0.41914
2007,Rwanda,31.82764
2007,Sao Tome and Principe,1.76632
2007,Saudi Arabia,0.0
2007,Senegal,33.29336
2007,Sierra Leone,188.84816
2007,Solomon Islands,62.05312
2007,Somalia,25.1482
2007,South Africa,0.74006
2007,South Korea,0.02963
2007,South Sudan,81.50563
2007,South-East Asia (WHO),2.28459
2007,Sri Lanka,0.02165
2007,Sudan,11.39746
2007,Suriname,1.28243
2007,Syria,0.0
2007,Tajikistan,0.0
2007,Tanzania,54.53718
2007,Thailand,0.76492
2007,Togo,99.90844
2007,Turkey,0.0
2007,Turkmenistan,0.0
2007,Uganda,82.82876
2007,Uzbekistan,0.0
2007,Vanuatu,15.76562
2007,Venezuela,0.26885
2007,Vietnam,0.08484
2007,Western Pacific (WHO),0.55656
2007,World,22.31746
2007,Yemen,14.50253
2007,Zambia,54.56346
2007,Zimbabwe,44.12524
2008,Afghanistan,0.972
2008,Africa (WHO),96.42361
2008,Algeria,0.0
2008,Americas (WHO),0.38132
2008,Angola,69.97665
2008,Argentina,0.0
2008,Armenia,0.0
2008,Azerbaijan,0.0
2008,Bangladesh,1.68829
2008,Belize,0.0
2008,Benin,121.1479
2008,Bhutan,0.39185
2008,Bolivia,0.13385
2008,Botswana,0.45085
2008,Brazil,0.17386
2008,Burkina Faso,233.8084
2008,Burundi,66.79062
2008,Cambodia,5.04007
2008,Cameroon,83.26641
2008,Cape Verde,1.50731
2008,Central African Republic,205.51872
2008,Chad,99.06047
2008,China,0.00413
2008,Colombia,0.55669
2008,Comoros,14.13888
2008,Congo,47.14395
2008,Costa Rica,0.0
2008,Cote d'Ivoire,152.55048
2008,Democratic Republic of Congo,171.36623
2008,Djibouti,0.75518
2008,Dominican Republic,0.20971
2008,East Timor,27.62425
2008,Eastern Mediterranean (WHO),1.70598
2008,Ecuador,1.18361
2008,El Salvador,0.0
2008,Equatorial Guinea,65.12753
2008,Eritrea,1.23096
2008,Eswatini,0.0
2008,Ethiopia,19.3662
2008,Europe (WHO),0.0
2008,French Guiana,3.30849
2008,Gabon,14.12519
2008,Gambia,27.02492
2008,Georgia,0.0
2008,Ghana,63.42985
2008,Guatemala,0.02843
2008,Guinea,110.1558
2008,Guinea-Bissau,52.00107
2008,Guyana,3.04979
2008,Haiti,2.67689
2008,Honduras,0.08176
2008,India,2.64728
2008,Indonesia,0.72414
2008,Iran,0.40076
2008,Iraq,0.0
2008,Kenya,24.18921
2008,Kyrgyzstan,0.0
2008,Laos,3.2574
2008,Liberia,93.15817
2008,Madagascar,5.65479
2008,Malawi,83.43039
2008,Malaysia,1.80739
2008,Mali,132.20291
2008,Mauritania,26.81441
2008,Mayotte,2.26162
2008,Mexico,0.0
2008,Morocco,0.0
2008,Mozambique,117.12671
2008,Myanmar,11.10927
2008,Namibia,1.85403
2008,Nepal,0.32038
2008,Nicaragua,0.0
2008,Niger,137.5591
2008,Nigeria,145.31523
2008,North Korea,0.0
2008,Oman,0.0
2008,Pakistan,0.37146
2008,Panama,0.02957
2008,Papua New Guinea,35.13595
2008,Paraguay,0.0
2008,Peru,0.30051
2008,Philippines,0.27173
2008,Rwanda,30.50502
2008,Sao Tome and Principe,9.19519
2008,Saudi Arabia,0.0
2008,Senegal,32.52778
2008,Sierra Leone,208.72258
2008,Solomon Islands,35.62759
2008,Somalia,15.82368
2008,South Africa,0.85038
2008,South Korea,0.0
2008,South Sudan,75.78292
2008,South-East Asia (WHO),2.4514
2008,Sri Lanka,0.0
2008,Sudan,9.46508
2008,Suriname,0.0
2008,Syria,0.0
2008,Tajikistan,0.0
2008,Tanzania,52.00033
2008,Thailand,0.79053
2008,Togo,80.09666
2008,Turkey,0.0
2008,Turkmenistan,0.0
2008,Uganda,88.26326
2008,Uzbekistan,0.0
2008,Vanuatu,15.81521
2008,Venezuela,0.18615
2008,Vietnam,0.05865
2008,Western Pacific (WHO),0.50902
2008,World,21.36014
2008,Yemen,9.0488
2008,Zambia,52.03468
2008,Zimbabwe,17.83965
2009,Afghanistan,0.65849
2009,Africa (WHO),91.81581
2009,Algeria,0.0
2009,Americas (WHO),0.37166
2009,Angola,58.50449
2009,Argentina,0.0
2009,Armenia,0.0
2009,Azerbaijan,0.0
2009,Bangladesh,1.18539
2009,Belize,0.0
2009,Benin,103.47218
2009,Bhutan,0.77477
2009,Bolivia,0.13158
2009,Botswana,0.44168
2009,Brazil,0.21526
2009,Burkina Faso,200.93262
2009,Burundi,63.49486
2009,Cambodia,8.5208
2009,Cameroon,73.49137
2009,Cape Verde,1.49181
2009,Central African Republic,191.6732
2009,Chad,100.44638
2009,China,0.00214
2009,Colombia,0.2854
2009,Comoros,13.85229
2009,Congo,44.58298
2009,Costa Rica,0.06261
2009,Cote d'Ivoire,147.90285
2009,Democratic Republic of Congo,157.78845
2009,Djibouti,0.8879
2009,Dominican Republic,0.26344
2009,East Timor,19.75752
2009,Eastern Mediterranean (WHO),1.61115
2009,Ecuador,1.39664
2009,El Salvador,0.0
2009,Equatorial Guinea,58.4467
2009,Eritrea,1.32949
2009,Eswatini,0.0
2009,Ethiopia,27.49103
2009,Europe (WHO),0.0
2009,French Guiana,2.42579
2009,Gabon,14.69573
2009,Gambia,26.4094
2009,Georgia,0.0
2009,Ghana,65.78156
2009,Guatemala,0.02787
2009,Guinea,123.39688
2009,Guinea-Bissau,53.10386
2009,Guyana,3.72708
2009,Haiti,2.4731
2009,Honduras,0.1067
2009,India,2.80207
2009,Indonesia,0.72371
2009,Iran,0.0
2009,Iraq,0.0
2009,Kenya,23.8279
2009,Kyrgyzstan,0.0
2009,Laos,3.70178
2009,Liberia,84.63365
2009,Madagascar,10.33286
2009,Malawi,80.36964
2009,Malaysia,2.03776
2009,Mali,114.23147
2009,Mauritania,26.30457
2009,Mayotte,0.0
2009,Mexico,0.0
2009,Morocco,0.0
2009,Mozambique,115.83721
2009,Myanmar,10.36223
2009,Namibia,0.91385
2009,Nepal,0.26767
2009,Nicaragua,0.0
2009,Niger,149.33986
2009,Nigeria,134.27885
2009,North Korea,0.0
2009,Oman,0.0
2009,Pakistan,0.53501
2009,Panama,0.0
2009,Papua New Guinea,45.90366
2009,Paraguay,0.0
2009,Peru,0.27208
2009,Philippines,0.2149
2009,Rwanda,29.43128
2009,Sao Tome and Principe,12.91206
2009,Saudi Arabia,0.0
2009,Senegal,31.54564
2009,Sierra Leone,226.18782
2009,Solomon Islands,27.17423
2009,Somalia,9.74421
2009,South Africa,0.87941
2009,South Korea,0.0294
2009,South Sudan,69.20406
2009,South-East Asia (WHO),2.54359
2009,Sri Lanka,0.0
2009,Sudan,8.48302
2009,Suriname,0.0
2009,Syria,0.0
2009,Tajikistan,0.0
2009,Tanzania,50.00463
2009,Thailand,0.54397
2009,Togo,66.46742
2009,Turkey,0.0
2009,Turkmenistan,0.0
2009,Uganda,91.78506
2009,Uzbekistan,0.0
2009,Vanuatu,9.17856
2009,Venezuela,0.25417
2009,Vietnam,0.07374
2009,Western Pacific (WHO),0.66992
2009,World,20.68929
2009,Yemen,11.48308
2009,Zambia,50.4577
2009,Zimbabwe,19.5805
2010,Afghanistan,0.75936
2010,Africa (WHO),86.78256
2010,Algeria,0.04748
2010,Americas (WHO),0.39714
2010,Angola,52.86724
2010,Argentina,0.0
2010,Armenia,0.0
2010,Azerbaijan,0.0
2010,Bangladesh,1.04033
2010,Belize,0.0
2010,Benin,92.04178
2010,Bhutan,0.38308
2010,Bolivia,0.21561
2010,Botswana,0.36056
2010,Brazil,0.19067
2010,Burkina Faso,224.24985
2010,Burundi,59.93466
2010,Cambodia,6.33999
2010,Cameroon,65.95219
2010,Cape Verde,0.73793
2010,Central African Republic,174.35371
2010,Chad,100.26793
2010,China,0.00337
2010,Colombia,0.42331
2010,Comoros,14.02388
2010,Congo,43.51173
2010,Costa Rica,0.0
2010,Cote d'Ivoire,129.26584
2010,Democratic Republic of Congo,138.29532
2010,Djibouti,0.29014
2010,Dominican Republic,0.27857
2010,East Timor,18.95029
2010,Eastern Mediterranean (WHO),1.98065
2010,Ecuador,0.0
2010,El Salvador,0.0
2010,Equatorial Guinea,65.05111
2010,Eritrea,5.1148
2010,Eswatini,0.0
2010,Ethiopia,31.54823
2010,Europe (WHO),0.0
2010,French Guiana,3.16461
2010,Gabon,15.72084
2010,Gambia,26.73859
2010,Georgia,0.0
2010,Ghana,64.50119
2010,Guatemala,0.02733
2010,Guinea,129.54291
2010,Guinea-Bissau,53.53428
2010,Guyana,6.9525
2010,Haiti,2.46764
2010,Honduras,0.09145
2010,India,2.64434
2010,Indonesia,1.31508
2010,Iran,0.0
2010,Iraq,0.0
2010,Kazakhstan,0.0
2010,Kenya,23.57538
2010,Kyrgyzstan,0.0
2010,Laos,3.31274
2010,Liberia,71.41869
2010,Madagascar,10.16058
2010,Malawi,73.49293
2010,Malaysia,1.13171
2010,Mali,111.76378
2010,Mauritania,25.41336
2010,Mayotte,2.14629
2010,Mexico,0.0
2010,Morocco,0.0
2010,Mozambique,113.28904
2010,Myanmar,12.32458
2010,Namibia,0.36008
2010,Nepal,0.34245
2010,Nicaragua,0.03912
2010,Niger,159.00845
2010,Nigeria,122.77633
2010,North Korea,0.0
2010,Oman,0.0
2010,Pakistan,0.84532
2010,Panama,0.02853
2010,Papua New Guinea,31.04202
2010,Paraguay,0.0
2010,Peru,0.17421
2010,Philippines,0.20561
2010,Rwanda,28.92609
2010,Sao Tome and Principe,7.68648
2010,Saudi Arabia,0.0
2010,Senegal,30.59029
2010,Sierra Leone,238.89578
2010,Solomon Islands,30.46786
2010,Somalia,10.64303
2010,South Africa,1.60278
2010,South Korea,0.02927
2010,South Sudan,62.87561
2010,South-East Asia (WHO),2.55524
2010,Sri Lanka,0.0
2010,Sudan,8.01721
2010,Suriname,1.23983
2010,Syria,0.0
2010,Tajikistan,0.0
2010,Tanzania,48.24594
2010,Thailand,0.61752
2010,Togo,61.56557
2010,Turkey,0.0
2010,Turkmenistan,0.0
2010,Uganda,83.21448
2010,Uzbekistan,0.0
2010,Vanuatu,11.00007
2010,Venezuela,0.36914
2010,Vietnam,0.06985
2010,Western Pacific (WHO),0.49155
2010,World,19.86707
2010,Yemen,17.96537
2010,Zambia,48.39732
2010,Zimbabwe,27.79321
2011,Afghanistan,0.85161
2011,Africa (WHO),79.62973
2011,Algeria,0.0
2011,Americas (WHO),0.36258
2011,Angola,48.53022
2011,Argentina,0.0
2011,Armenia,0.0
2011,Azerbaijan,0.0
2011,Bangladesh,0.95962
2011,Belize,0.0
2011,Benin,86.66122
2011,Bhutan,0.18944
2011,Bolivia,0.08481
2011,Botswana,0.07068
2011,Brazil,0.17399
2011,Burkina Faso,210.27966
2011,Burundi,54.85561
2011,Cambodia,6.21937
2011,Cameroon,58.91768
2011,Cape Verde,0.7291
2011,Central African Republic,153.82431
2011,Chad,94.55095
2011,China,0.00581
2011,Colombia,0.22929
2011,Comoros,9.25275
2011,Congo,42.97354
2011,Costa Rica,0.0
2011,Cote d'Ivoire,105.60725
2011,Democratic Republic of Congo,116.33945
2011,Djibouti,0.71171
2011,Dominican Republic,0.18331
2011,East Timor,6.20961
2011,Eastern Mediterranean (WHO),1.76063
2011,Ecuador,0.0
2011,El Salvador,0.0
2011,Equatorial Guinea,63.86578
2011,Eritrea,4.39585
2011,Eswatini,0.0
2011,Ethiopia,27.66985
2011,Europe (WHO),0.0
2011,French Guiana,1.54723
2011,Gabon,16.92525
2011,Gambia,26.42362
2011,Georgia,0.0
2011,Ghana,67.40075
2011,Guatemala,0.01786
2011,Guinea,131.70003
2011,Guinea-Bissau,52.45439
2011,Guyana,9.67443
2011,Haiti,2.33882
2011,Honduras,0.06402
2011,India,2.18386
2011,Indonesia,1.1635
2011,Iran,0.0
2011,Iraq,0.0
2011,Kazakhstan,0.0
2011,Kenya,23.62839
2011,Kyrgyzstan,0.0
2011,Laos,2.1865
2011,Liberia,67.27814
2011,Madagascar,9.1059
2011,Malawi,65.403
2011,Malaysia,0.94229
2011,Mali,126.23027
2011,Mauritania,25.59411
2011,Mayotte,0.0
2011,Mexico,0.0
2011,Morocco,0.0
2011,Mozambique,108.10415
2011,Myanmar,10.84466
2011,Namibia,0.41358
2011,Nepal,0.20215
2011,Nicaragua,0.03855
2011,Niger,163.30971
2011,Nigeria,111.27574
2011,North Korea,0.0
2011,Oman,0.0
2011,Pakistan,0.92907
2011,Panama,0.0
2011,Papua New Guinea,26.02913
2011,Paraguay,0.0
2011,Peru,0.16411
2011,Philippines,0.08401
2011,Rwanda,27.75852
2011,Sao Tome and Principe,10.21264
2011,Saudi Arabia,0.0
2011,Senegal,29.50478
2011,Sierra Leone,226.96803
2011,Solomon Islands,19.70145
2011,Somalia,8.78296
2011,South Africa,1.02968
2011,South Korea,0.05811
2011,South Sudan,57.60003
2011,South-East Asia (WHO),2.12835
2011,Sri Lanka,0.0
2011,Sudan,7.97801
2011,Suriname,1.22623
2011,Syria,0.0
2011,Tajikistan,0.0
2011,Tanzania,46.00996
2011,Thailand,0.32978
2011,Togo,60.39707
2011,Turkey,0.0
2011,Turkmenistan,0.0
2011,Uganda,70.89796
2011,Uzbekistan,0.0
2011,Vanuatu,5.57116
2011,Venezuela,0.32307
2011,Vietnam,0.05529
2011,Western Pacific (WHO),0.41888
2011,World,18.33385
2011,Yemen,12.26816
2011,Zambia,49.39781
2011,Zimbabwe,18.01722
2012,Afghanistan,0.39176
2012,Africa (WHO),73.21267
2012,Algeria,0.0
2012,Americas (WHO),0.33184
2012,Angola,45.50924
2012,Argentina,0.0
2012,Armenia,0.0
2012,Azerbaijan,0.0
2012,Bangladesh,0.51974
2012,Belize,0.0
2012,Benin,89.29429
2012,Bhutan,0.18739
2012,Bolivia,0.08342
2012,Botswana,0.0
2012,Brazil,0.1478
2012,Burkina Faso,165.63307
2012,Burundi,51.53398
2012,Cambodia,3.66263
2012,Cameroon,57.32031
2012,Cape Verde,0.0
2012,Central African Republic,153.83469
2012,Chad,89.50286
2012,China,0.0
2012,Colombia,0.23679
2012,Comoros,18.26009
2012,Congo,42.45472
2012,Costa Rica,0.0
2012,Cote d'Ivoire,75.51323
2012,Democratic Republic of Congo,95.09299
2012,Djibouti,0.69867
2012,Dominican Republic,0.14479
2012,East Timor,0.84113
2012,Eastern Mediterranean (WHO),1.74984
2012,Ecuador,0.0
2012,El Salvador,0.0
2012,Equatorial Guinea,65.84922
2012,Eritrea,2.6133
2012,Eswatini,0.32133
2012,Ethiopia,32.48329
2012,Europe (WHO),0.0
2012,French Guiana,1.51094
2012,Gabon,18.07585
2012,Gambia,26.00662
2012,Georgia,0.0
2012,Ghana,63.57702
2012,Guatemala,0.01751
2012,Guinea,127.27215
2012,Guinea-Bissau,50.03881
2012,Guyana,10.21552
2012,Haiti,1.84915
2012,Honduras,0.05023
2012,India,1.72016
2012,Indonesia,1.13379
2012,Iran,0.0
2012,Iraq,0.0
2012,Kazakhstan,0.0
2012,Kenya,22.95441
2012,Kyrgyzstan,0.0
2012,Laos,5.13761
2012,Liberia,63.71574
2012,Madagascar,17.15997
2012,Malawi,57.858
2012,Malaysia,0.92717
2012,Mali,144.9861
2012,Mauritania,25.82428
2012,Mayotte,0.0
2012,Mexico,0.0
2012,Morocco,0.0
2012,Mozambique,102.81117
2012,Myanmar,11.41563
2012,Namibia,0.75563
2012,Nepal,0.16386
2012,Nicaragua,0.07598
2012,Niger,161.39212
2012,Nigeria,101.92153
2012,North Korea,0.0
2012,Oman,0.0
2012,Pakistan,0.85668
2012,Panama,0.02753
2012,Papua New Guinea,34.12427
2012,Paraguay,0.0
2012,Peru,0.2054
2012,Philippines,0.06148
2012,Rwanda,26.77962
2012,Sao Tome and Principe,3.68568
2012,Saudi Arabia,0.0
2012,Senegal,28.05356
2012,Sierra Leone,206.53783
2012,Solomon Islands,15.8339
2012,Somalia,8.91456
2012,South Africa,1.35478
2012,South Korea,0.0
2012,South Sudan,54.57126
2012,South-East Asia (WHO),1.76307
2012,Sri Lanka,0.0
2012,Sudan,8.10016
2012,Suriname,0.0
2012,Syria,0.0
2012,Tajikistan,0.0
2012,Tanzania,43.69259
2012,Thailand,0.28194
2012,Togo,65.34197
2012,Turkey,0.0
2012,Turkmenistan,0.0
2012,Uganda,57.09401
2012,United Arab Emirates,0.0
2012,Uzbekistan,0.0
2012,Vanuatu,0.0
2012,Venezuela,0.38004
2012,Vietnam,0.0623
2012,Western Pacific (WHO),0.48114
2012,World,17.00421
2012,Yemen,12.99481
2012,Zambia,50.58103
2012,Zimbabwe,14.51346
2013,Afghanistan,0.5306
2013,Africa (WHO),69.5209
2013,Algeria,0.0
2013,Americas (WHO),0.35829
2013,Angola,43.86736
2013,Argentina,0.0
2013,Armenia,0.0
2013,Azerbaijan,0.0
2013,Bangladesh,0.4649
2013,Belize,0.0
2013,Benin,96.74325
2013,Bhutan,0.0
2013,Bolivia,0.1231
2013,Botswana,0.06803
2013,Brazil,0.09768
2013,Burkina Faso,154.08466
2013,Burundi,48.26802
2013,Cambodia,2.17768
2013,Cameroon,56.38185
2013,Cape Verde,0.0
2013,Central African Republic,141.86574
2013,Chad,85.15885
2013,China,0.0
2013,Colombia,0.09769
2013,Comoros,19.30245
2013,Congo,43.88921
2013,Costa Rica,0.0
2013,Cote d'Ivoire,59.25872
2013,Democratic Republic of Congo,80.69967
2013,Djibouti,0.5489
2013,Dominican Republic,0.08937
2013,East Timor,0.09154
2013,Eastern Mediterranean (WHO),1.62589
2013,Ecuador,0.0
2013,El Salvador,0.0
2013,Equatorial Guinea,70.18018
2013,Eritrea,2.66961
2013,Eswatini,0.31936
2013,Ethiopia,40.93468
2013,Europe (WHO),0.0
2013,French Guiana,0.7366
2013,Gabon,19.87146
2013,Gambia,25.46039
2013,Georgia,0.0
2013,Ghana,59.40652
2013,Guatemala,0.01718
2013,Guinea,113.40129
2013,Guinea-Bissau,48.00463
2013,Guyana,12.04142
2013,Haiti,1.74528
2013,Honduras,0.0616
2013,India,1.38284
2013,Indonesia,0.96575
2013,Iran,0.0
2013,Iraq,0.0
2013,Kazakhstan,0.0
2013,Kenya,22.45472
2013,Kyrgyzstan,0.0
2013,Laos,3.6394
2013,Liberia,65.86388
2013,Madagascar,15.69013
2013,Malawi,49.45467
2013,Malaysia,0.82961
2013,Mali,150.22908
2013,Mauritania,25.46114
2013,Mayotte,0.0
2013,Mexico,0.0
2013,Morocco,0.0
2013,Mozambique,100.68616
2013,Myanmar,3.87794
2013,Namibia,1.14297
2013,Nepal,0.07549
2013,Nicaragua,0.0
2013,Niger,154.7402
2013,Nigeria,96.69018
2013,North Korea,0.0
2013,Oman,0.0
2013,Pakistan,0.57711
2013,Panama,0.0
2013,Papua New Guinea,41.86462
2013,Paraguay,0.0
2013,Peru,0.38142
2013,Philippines,0.06218
2013,Rwanda,26.0689
2013,Sao Tome and Principe,5.67721
2013,Saudi Arabia,0.0
2013,Senegal,27.51632
2013,Sierra Leone,186.78052
2013,Solomon Islands,14.3962
2013,Somalia,10.51937
2013,South Africa,1.94901
2013,South Korea,0.0
2013,South Sudan,53.34939
2013,South-East Asia (WHO),1.32327
2013,Sri Lanka,0.0
2013,Sudan,8.56054
2013,Suriname,1.20057
2013,Syria,0.0
2013,Tajikistan,0.0
2013,Tanzania,44.14699
2013,Thailand,0.35597
2013,Togo,72.30276
2013,Turkey,0.0
2013,Turkmenistan,0.0
2013,Uganda,45.18397
2013,United Arab Emirates,0.0
2013,Uzbekistan,0.0
2013,Vanuatu,0.0
2013,Venezuela,0.7038
2013,Vietnam,0.05111
2013,Western Pacific (WHO),0.54563
2013,World,16.20493
2013,Yemen,10.26606
2013,Zambia,52.34009
2013,Zimbabwe,20.71407
2014,Afghanistan,0.60274
2014,Africa (WHO),65.13947
2014,Algeria,0.0
2014,Americas (WHO),0.26211
2014,Angola,42.9772
2014,Argentina,0.0
2014,Armenia,0.0
2014,Azerbaijan,0.0
2014,Bangladesh,0.95406
2014,Belize,0.0
2014,Benin,99.12534
2014,Bhutan,0.0
2014,Bolivia,0.08076
2014,Botswana,0.33365
2014,Brazil,0.08716
2014,Burkina Faso,129.99013
2014,Burundi,47.54684
2014,Cambodia,3.70923
2014,Cameroon,55.77683
2014,Cape Verde,0.70433
2014,Central African Republic,139.28674
2014,Chad,81.98039
2014,China,0.0
2014,Colombia,0.16451
2014,Comoros,0.69968
2014,Congo,43.41881
2014,Costa Rica,0.0
2014,Cote d'Ivoire,53.19724
2014,Democratic Republic of Congo,74.73343
2014,Djibouti,3.23566
2014,Dominican Republic,0.07063
2014,East Timor,0.0
2014,Eastern Mediterranean (WHO),1.60145
2014,Ecuador,0.0
2014,El Salvador,0.0
2014,Equatorial Guinea,69.79709
2014,Eritrea,6.8303
2014,Eswatini,0.0
2014,Ethiopia,35.18026
2014,Europe (WHO),0.0
2014,French Guiana,0.0
2014,Gabon,20.48956
2014,Gambia,25.17109
2014,Georgia,0.0
2014,Ghana,52.73376
2014,Guatemala,0.01686
2014,Guinea,102.3703
2014,Guinea-Bissau,45.88974
2014,Guyana,3.59466
2014,Haiti,0.90294
2014,Honduras,0.03628
2014,India,1.64799
2014,Indonesia,0.73957
2014,Iran,0.0
2014,Iraq,0.0
2014,Kazakhstan,0.0
2014,Kenya,22.21598
2014,Kyrgyzstan,0.0
2014,Laos,3.84855
2014,Liberia,73.35048
2014,Madagascar,11.00513
2014,Malawi,44.69605
2014,Malaysia,0.32673
2014,Mali,130.26004
2014,Mauritania,25.91608
2014,Mayotte,0.0
2014,Mexico,0.0
2014,Morocco,0.0
2014,Mozambique,95.07386
2014,Myanmar,2.39824
2014,Namibia,3.6509
2014,Nepal,0.03763
2014,Nicaragua,0.0
2014,Niger,144.37839
2014,Nigeria,92.08881
2014,North Korea,0.0
2014,Oman,0.0
2014,Pakistan,0.35412
2014,Panama,0.0
2014,Papua New Guinea,37.12126
2014,Paraguay,0.0
2014,Peru,0.50328
2014,Philippines,0.04928
2014,Rwanda,25.54438
2014,Sao Tome and Principe,0.0
2014,Saudi Arabia,0.0
2014,Senegal,27.60855
2014,Sierra Leone,158.48613
2014,Solomon Islands,9.46904
2014,Somalia,12.23211
2014,South Africa,3.17927
2014,South Korea,0.0
2014,South Sudan,55.57694
2014,South-East Asia (WHO),1.46913
2014,Sri Lanka,0.0
2014,Sudan,9.45052
2014,Suriname,1.18847
2014,Syria,0.0
2014,Tajikistan,0.0
2014,Tanzania,44.03857
2014,Thailand,0.28624
2014,Togo,73.48681
2014,Turkey,0.0
2014,Turkmenistan,0.0
2014,Uganda,41.68806
2014,United Arab Emirates,0.0
2014,Uzbekistan,0.0
2014,Vanuatu,0.0
2014,Venezuela,0.72864
2014,Vietnam,0.04313
2014,Western Pacific (WHO),0.51695
2014,World,15.46687
2014,Yemen,8.37194
2014,Zambia,53.27939
2014,Zimbabwe,25.64527
2015,Afghanistan,0.66878
2015,Africa (WHO),62.47556
2015,Algeria,0.0
2015,Americas (WHO),0.29027
2015,Angola,45.06231
2015,Argentina,0.0
2015,Armenia,0.0
2015,Azerbaijan,0.0
2015,Bangladesh,0.61869
2015,Belize,0.0
2015,Benin,105.60897
2015,Bhutan,0.0
2015,Bolivia,0.05963
2015,Botswana,0.06543
2015,Brazil,0.08403
2015,Burkina Faso,117.21325
2015,Burundi,48.4565
2015,Cambodia,3.43021
2015,Cameroon,56.19519
2015,Cape Verde,0.0
2015,Central African Republic,128.10901
2015,Chad,79.66144
2015,China,0.0
2015,Colombia,0.17255
2015,Comoros,0.41084
2015,Congo,39.96536
2015,Costa Rica,0.0
2015,Cote d'Ivoire,59.36837
2015,Democratic Republic of Congo,73.94901
2015,Djibouti,3.18044
2015,Dominican Republic,0.05234
2015,East Timor,0.0
2015,Eastern Mediterranean (WHO),1.71886
2015,Ecuador,0.0
2015,El Salvador,0.0
2015,Equatorial Guinea,59.61515
2015,Eritrea,3.83233
2015,Eswatini,0.0
2015,Ethiopia,31.75189
2015,Europe (WHO),0.0
2015,French Guiana,0.0
2015,Gabon,20.06392
2015,Gambia,24.72113
2015,Georgia,0.0
2015,Ghana,46.61781
2015,Guatemala,0.01656
2015,Guinea,90.57287
2015,Guinea-Bissau,43.15455
2015,Guyana,2.91379
2015,Haiti,0.86884
2015,Honduras,0.04751
2015,India,1.7557
2015,Indonesia,0.63723
2015,Iran,0.0
2015,Iraq,0.0
2015,Kazakhstan,0.0
2015,Kenya,22.09322
2015,Kyrgyzstan,0.0
2015,Laos,2.26516
2015,Liberia,66.56073
2015,Madagascar,23.33918
2015,Malawi,41.46068
2015,Malaysia,0.32187
2015,Mali,98.1786
2015,Mauritania,26.15161
2015,Mayotte,0.0
2015,Mexico,0.0
2015,Morocco,0.0
2015,Mozambique,87.61608
2015,Myanmar,1.56973
2015,Namibia,2.09725
2015,Nepal,0.02495
2015,Nicaragua,0.03637
2015,Niger,130.08664
2015,Nigeria,88.63681
2015,North Korea,0.0
2015,Oman,0.0
2015,Pakistan,0.36884
2015,Panama,0.0
2015,Papua New Guinea,21.42321
2015,Paraguay,0.0
2015,Peru,0.58032
2015,Philippines,0.10529
2015,Rwanda,25.32002
2015,Sao Tome and Principe,0.0
2015,Saudi Arabia,0.0
2015,Senegal,27.23566
2015,Sierra Leone,148.79477
2015,Solomon Islands,9.39767
2015,Somalia,14.45084
2015,South Africa,1.96863
2015,South Korea,0.0
2015,South Sudan,58.44046
2015,South-East Asia (WHO),1.51677
2015,Sri Lanka,0.0
2015,Sudan,10.34288
2015,Suriname,0.0
2015,Syria,0.0
2015,Tajikistan,0.0
2015,Tanzania,43.61585
2015,Thailand,0.24739
2015,Togo,69.27394
2015,Turkey,0.0
2015,Turkmenistan,0.0
2015,Uganda,41.90264
2015,United Arab Emirates,0.0
2015,Uzbekistan,0.0
2015,Vanuatu,0.0
2015,Venezuela,0.98265
2015,Vietnam,0.02355
2015,Western Pacific (WHO),0.33186
2015,World,15.04465
2015,Yemen,7.11986
2015,Zambia,50.65783
2015,Zimbabwe,24.50211
2016,Afghanistan,1.31471
2016,Africa (WHO),60.852
2016,Algeria,0.0
2016,Americas (WHO),0.38996
2016,Angola,46.48643
2016,Argentina,0.0
2016,Armenia,0.0
2016,Azerbaijan,0.0
2016,Bangladesh,0.41905
2016,Belize,0.0
2016,Benin,105.23011
2016,Bhutan,0.0
2016,Bolivia,0.03914
2016,Botswana,0.12824
2016,Brazil,0.08335
2016,Burkina Faso,107.00113
2016,Burundi,53.66252
2016,Cambodia,1.84623
2016,Cameroon,57.76912
2016,Cape Verde,0.68879
2016,Central African Republic,117.51207
2016,Chad,79.08378
2016,China,0.0
2016,Colombia,0.34143
2016,Comoros,0.26801
2016,Congo,41.60542
2016,Costa Rica,0.0
2016,Cote d'Ivoire,69.68805
2016,Democratic Republic of Congo,78.55979
2016,Djibouti,3.90949
2016,Dominican Republic,0.01724
2016,East Timor,0.0
2016,Eastern Mediterranean (WHO),1.95251
2016,Ecuador,0.0
2016,El Salvador,0.0
2016,Equatorial Guinea,52.89769
2016,Eritrea,5.8836
2016,Eswatini,0.0
2016,Ethiopia,22.76835
2016,Europe (WHO),0.0
2016,French Guiana,0.0
2016,Gabon,18.55042
2016,Gambia,24.25335
2016,Georgia,0.0
2016,Ghana,41.19197
2016,Guatemala,0.01626
2016,Guinea,81.65294
2016,Guinea-Bissau,44.53403
2016,Guyana,3.29343
2016,Haiti,0.96114
2016,Honduras,0.05835
2016,India,1.79074
2016,Indonesia,0.72293
2016,Iran,0.0
2016,Kazakhstan,0.0
2016,Kenya,22.40959
2016,Kyrgyzstan,0.0
2016,Laos,0.8924
2016,Liberia,80.51258
2016,Madagascar,13.65386
2016,Malawi,39.9526
2016,Malaysia,0.1586
2016,Mali,78.80169
2016,Mauritania,25.88915
2016,Mayotte,0.0
2016,Mexico,0.0
2016,Morocco,0.0
2016,Mozambique,82.5267
2016,Myanmar,0.88715
2016,Namibia,4.44647
2016,Nepal,0.02473
2016,Nicaragua,0.07171
2016,Niger,124.79839
2016,Nigeria,87.81189
2016,North Korea,0.0
2016,Oman,0.0
2016,Pakistan,0.40206
2016,Panama,0.0
2016,Papua New Guinea,28.85663
2016,Paraguay,0.0
2016,Peru,0.56429
2016,Philippines,0.06239
2016,Rwanda,25.3711
2016,Sao Tome and Principe,0.48868
2016,Saudi Arabia,0.0
2016,Senegal,26.46536
2016,Sierra Leone,128.89127
2016,Solomon Islands,16.56428
2016,Somalia,14.34984
2016,South Africa,0.6026
2016,South Korea,0.0
2016,South Sudan,62.2622
2016,South-East Asia (WHO),1.54287
2016,Sri Lanka,0.0
2016,Sudan,11.49651
2016,Suriname,0.0
2016,Syria,0.0
2016,Tajikistan,0.0
2016,Tanzania,43.54452
2016,Thailand,0.20152
2016,Togo,57.61384
2016,Turkey,0.0
2016,Turkmenistan,0.0
2016,Uganda,47.72855
2016,United Arab Emirates,0.0
2016,Uzbekistan,0.0
2016,Vanuatu,0.0
2016,Venezuela,1.69803
2016,Vietnam,0.0102
2016,Western Pacific (WHO),0.39644
2016,World,14.90388
2016,Yemen,8.90665
2016,Zambia,48.33084
2016,Zimbabwe,17.10829
2017,Afghanistan,1.37583
2017,Africa (WHO),60.62715
2017,Algeria,0.0
2017,Americas (WHO),0.48424
2017,Angola,46.6092
2017,Argentina,0.0
2017,Armenia,0.0
2017,Azerbaijan,0.0
2017,Bangladesh,0.4196
2017,Belize,0.0
2017,Benin,93.59495
2017,Bhutan,0.0
2017,Bolivia,0.03855
2017,Botswana,0.4396
2017,Brazil,0.08033
2017,Burkina Faso,101.97693
2017,Burundi,54.90519
2017,Cambodia,3.00126
2017,Cameroon,56.31082
2017,Cape Verde,1.36158
2017,Central African Republic,110.73218
2017,Chad,78.1264
2017,China,0.0
2017,Colombia,0.17749
2017,Comoros,1.05033
2017,Congo,41.69537
2017,Costa Rica,0.0
2017,Cote d'Ivoire,72.75832
2017,Democratic Republic of Congo,80.45487
2017,Djibouti,3.20475
2017,Dominican Republic,0.01705
2017,East Timor,0.0
2017,Eastern Mediterranean (WHO),2.07117
2017,Ecuador,0.0
2017,El Salvador,0.0
2017,Equatorial Guinea,52.11299
2017,Eritrea,6.50587
2017,Eswatini,0.31018
2017,Ethiopia,16.93519
2017,Europe (WHO),0.0
2017,French Guiana,0.0
2017,Gabon,17.8954
2017,Gambia,24.23166
2017,Georgia,0.0
2017,Ghana,39.17311
2017,Guatemala,0.00799
2017,Guinea,75.7876
2017,Guinea-Bissau,44.09983
2017,Guyana,4.45462
2017,Haiti,0.86547
2017,Honduras,0.0
2017,India,1.28699
2017,Indonesia,0.49376
2017,Iran,0.0
2017,Iraq,0.0
2017,Kazakhstan,0.0
2017,Kenya,22.92835
2017,Kyrgyzstan,0.0
2017,Laos,0.57672
2017,Liberia,84.35087
2017,Madagascar,18.62088
2017,Malawi,39.28155
2017,Malaysia,0.07818
2017,Mali,79.96331
2017,Mauritania,25.69702
2017,Mayotte,0.0
2017,Mexico,0.0
2017,Morocco,0.0
2017,Mozambique,74.91571
2017,Myanmar,0.67157
2017,Namibia,12.14803
2017,Nepal,0.0
2017,Nicaragua,0.03535
2017,Niger,109.55509
2017,Nigeria,91.23656
2017,North Korea,0.0
2017,Oman,0.0
2017,Pakistan,0.30133
2017,Panama,0.0
2017,Papua New Guinea,27.53764
2017,Paraguay,0.0
2017,Peru,0.51557
2017,Philippines,0.05808
2017,Rwanda,25.23233
2017,Sao Tome and Principe,0.48069
2017,Saudi Arabia,0.0
2017,Senegal,26.3033
2017,Sierra Leone,114.09868
2017,Solomon Islands,21.0296
2017,Somalia,14.12788
2017,South Africa,5.31415
2017,South Korea,0.0
2017,South Sudan,66.93422
2017,South-East Asia (WHO),1.10648
2017,Sri Lanka,0.0
2017,Sudan,12.81471
2017,Suriname,1.15231
2017,Syria,0.0
2017,Tajikistan,0.0
2017,Tanzania,42.39072
2017,Thailand,0.11149
2017,Togo,48.30127
2017,Turkey,0.0
2017,Turkmenistan,0.0
2017,Uganda,51.23721
2017,United Arab Emirates,0.0
2017,Uzbekistan,0.0
2017,Vanuatu,0.0
2017,Venezuela,2.77456
2017,Vietnam,0.01299
2017,Western Pacific (WHO),0.4058
2017,World,14.8624
2017,Yemen,9.73984
2017,Zambia,46.31157
2017,Zimbabwe,29.47807
2018,Afghanistan,1.03259
2018,Africa (WHO),57.51996
2018,Algeria,0.0
2018,Americas (WHO),0.4128
2018,Angola,43.564
2018,Argentina,0.0
2018,Armenia,0.0
2018,Azerbaijan,0.0
2018,Bangladesh,0.14772
2018,Belize,0.0
2018,Benin,87.33169
2018,Bhutan,0.0
2018,Bolivia,0.03798
2018,Botswana,0.12306
2018,Brazil,0.13126
2018,Burkina Faso,90.63036
2018,Burundi,46.10443
2018,Cambodia,2.33833
2018,Cameroon,51.4341
2018,Cape Verde,0.0
2018,Central African Republic,105.93195
2018,Chad,74.52695
2018,China,0.0
2018,Colombia,0.0825
2018,Comoros,4.89493
2018,Congo,40.92951
2018,Costa Rica,0.0
2018,Cote d'Ivoire,58.97469
2018,Democratic Republic of Congo,75.29911
2018,Djibouti,5.42373
2018,Dominican Republic,0.01686
2018,East Timor,0.0
2018,Eastern Mediterranean (WHO),2.20949
2018,Ecuador,0.0
2018,El Salvador,0.0
2018,Equatorial Guinea,48.19948
2018,Eritrea,5.68879
2018,Eswatini,0.30777
2018,Ethiopia,8.60152
2018,Europe (WHO),0.0
2018,French Guiana,0.0
2018,Gabon,17.65501
2018,Gambia,24.37712
2018,Georgia,0.0
2018,Ghana,39.60721
2018,Guatemala,0.00786
2018,Guinea,67.70284
2018,Guinea-Bissau,45.71535
2018,Guyana,4.9649
2018,Haiti,0.40656
2018,Honduras,0.0
2018,India,0.75282
2018,Indonesia,0.42761
2018,Iran,0.0
2018,Iraq,0.0
2018,Kazakhstan,0.0
2018,Kenya,22.45697
2018,Kyrgyzstan,0.0
2018,Laos,0.62212
2018,Liberia,69.92691
2018,Madagascar,17.69316
2018,Malawi,38.22433
2018,Malaysia,0.0
2018,Mali,92.4186
2018,Mauritania,25.4056
2018,Mayotte,0.0
2018,Mexico,0.0
2018,Morocco,0.0
2018,Mozambique,65.25313
2018,Myanmar,0.5232
2018,Namibia,6.7033
2018,Nepal,0.01208
2018,Nicaragua,0.10457
2018,Niger,97.65223
2018,Nigeria,94.22967
2018,North Korea,0.0
2018,Oman,0.0
2018,Pakistan,0.23655
2018,Panama,0.0
2018,Papua New Guinea,27.55855
2018,Paraguay,0.0
2018,Peru,0.37949
2018,Philippines,0.03965
2018,Rwanda,24.6812
2018,Sao Tome and Principe,0.0
2018,Saudi Arabia,0.0
2018,Senegal,26.91509
2018,Sierra Leone,94.23401
2018,Solomon Islands,16.70099
2018,Somalia,14.26245
2018,South Africa,1.20336
2018,South Korea,0.0
2018,South Sudan,66.07775
2018,South-East Asia (WHO),0.67197
2018,Sri Lanka,0.0
2018,Sudan,14.00508
2018,Suriname,0.0
2018,Syria,0.0
2018,Tajikistan,0.0
2018,Tanzania,41.79345
2018,Thailand,0.11113
2018,Togo,45.5716
2018,Turkey,0.0
2018,Turkmenistan,0.0
2018,Uganda,41.22326
2018,United Arab Emirates,0.0
2018,Uzbekistan,0.0
2018,Vanuatu,0.0
2018,Venezuela,2.5012
2018,Vietnam,0.00858
2018,Western Pacific (WHO),0.39676
2018,World,14.14175
2018,Yemen,11.13783
2018,Zambia,45.45329
2018,Zimbabwe,13.70176
2019,Afghanistan,0.58393
2019,Africa (WHO),56.30462
2019,Algeria,0.0
2019,Americas (WHO),0.36504
2019,Angola,42.9535
2019,Argentina,0.0
2019,Armenia,0.0
2019,Azerbaijan,0.0
2019,Bangladesh,0.26408
2019,Belize,0.0
2019,Benin,85.05795
2019,Bhutan,0.0
2019,Bolivia,0.07486
2019,Botswana,0.0
2019,Brazil,0.08606
2019,Burkina Faso,91.77325
2019,Burundi,44.75851
2019,Cambodia,0.8899
2019,Cameroon,49.61536
2019,Cape Verde,0.0
2019,Central African Republic,97.82459
2019,Chad,72.85767
2019,China,0.0
2019,Colombia,0.027
2019,Comoros,5.6891
2019,Congo,42.36426
2019,Costa Rica,0.0
2019,Cote d'Ivoire,57.05314
2019,Democratic Republic of Congo,72.68965
2019,Djibouti,12.04357
2019,Dominican Republic,0.06673
2019,East Timor,0.0
2019,Eastern Mediterranean (WHO),2.31582
2019,Ecuador,0.0
2019,El Salvador,0.0
2019,Equatorial Guinea,46.7473
2019,Eritrea,12.48993
2019,Eswatini,0.0
2019,Ethiopia,7.35548
2019,Europe (WHO),0.0
2019,French Guiana,0.0
2019,Gabon,17.12157
2019,Gambia,23.95488
2019,Georgia,0.0
2019,Ghana,39.09614
2019,Guatemala,0.0
2019,Guinea,66.86837
2019,Guinea-Bissau,44.40594
2019,Guyana,3.75585
2019,Haiti,0.45131
2019,Honduras,0.0
2019,India,0.59611
2019,Indonesia,0.51747
2019,Iran,0.0
2019,Iraq,0.0
2019,Kazakhstan,0.0
2019,Kenya,22.17405
2019,Kyrgyzstan,0.0
2019,Laos,0.29312
2019,Liberia,68.00007
2019,Madagascar,18.25437
2019,Malawi,37.42447
2019,Malaysia,0.0
2019,Mali,90.58013
2019,Mauritania,25.41146
2019,Mayotte,0.0
2019,Mexico,0.0
2019,Morocco,0.0
2019,Mozambique,63.25119
2019,Myanmar,0.30727
2019,Namibia,0.7209
2019,Nepal,0.0
2019,Nicaragua,0.03438
2019,Niger,96.26593
2019,Nigeria,92.19078
2019,North Korea,0.0
2019,Oman,0.0
2019,Pakistan,0.24781
2019,Panama,0.0
2019,Papua New Guinea,23.57876
2019,Paraguay,0.0
2019,Peru,0.27148
2019,Philippines,0.04836
2019,Rwanda,24.48768
2019,Sao Tome and Principe,0.0
2019,Saudi Arabia,0.0
2019,Senegal,26.56745
2019,Sierra Leone,89.92363
2019,Solomon Islands,23.64409
2019,Somalia,14.46065
2019,South Africa,1.36003
2019,South Korea,0.0
2019,South Sudan,67.9099
2019,South-East Asia (WHO),0.56096
2019,Sri Lanka,0.0
2019,Sudan,15.43529
2019,Suriname,0.0
2019,Syria,0.0
2019,Tajikistan,0.0
2019,Tanzania,41.25261
2019,Thailand,0.09607
2019,Togo,44.92245
2019,Turkey,0.0
2019,Turkmenistan,0.0
2019,Uganda,40.23835
2019,United Arab Emirates,0.0
2019,Uzbekistan,0.0
2019,Vanuatu,0.0
2019,Venezuela,2.42306
2019,Vietnam,0.0085
2019,Western Pacific (WHO),0.33657
2019,World,13.97925
2019,Yemen,10.36444
2019,Zambia,44.85194
2019,Zimbabwe,16.56655
2020,Afghanistan,0.36618
2020,Africa (WHO),60.37854
2020,Algeria,0.0
2020,Americas (WHO),0.29672
2020,Angola,44.43216
2020,Argentina,0.0
2020,Bangladesh,0.08332
2020,Belize,0.0
2020,Benin,83.7214
2020,Bhutan,0.0
2020,Bolivia,0.1108
2020,Botswana,0.23694
2020,Brazil,0.11784
2020,Burkina Faso,99.43954
2020,Burundi,47.39683
2020,Cambodia,0.23285
2020,Cameroon,54.75426
2020,Cape Verde,0.0
2020,Central African Republic,96.01312
2020,Chad,74.04734
2020,China,0.0
2020,Colombia,0.04434
2020,Comoros,1.36448
2020,Congo,39.96721
2020,Costa Rica,0.0
2020,Cote d'Ivoire,56.3558
2020,Democratic Republic of Congo,84.76717
2020,Djibouti,15.4123
2020,Dominican Republic,0.03301
2020,East Timor,0.0
2020,Eastern Mediterranean (WHO),2.42848
2020,Ecuador,0.58533
2020,El Salvador,0.0
2020,Equatorial Guinea,47.99351
2020,Eritrea,10.46158
2020,Eswatini,0.0
2020,Ethiopia,11.82585
2020,French Guiana,0.0
2020,Gabon,16.79336
2020,Gambia,23.62087
2020,Ghana,38.89324
2020,Guatemala,0.0
2020,Guinea,75.37966
2020,Guinea-Bissau,48.06958
2020,Guyana,3.51228
2020,Haiti,1.02953
2020,Honduras,0.0
2020,India,0.56071
2020,Indonesia,0.52049
2020,Iran,0.0
2020,Iraq,0.0
2020,Kenya,22.63696
2020,Laos,0.1838
2020,Liberia,77.26654
2020,Madagascar,36.36824
2020,Malawi,38.18949
2020,Malaysia,0.0
2020,Mali,97.35187
2020,Mauritania,25.09667
2020,Mexico,0.0
2020,Morocco,0.0
2020,Mozambique,75.9921
2020,Myanmar,0.24217
2020,Namibia,2.58134
2020,Nepal,0.0
2020,Nicaragua,0.0
2020,Niger,98.90834
2020,Nigeria,93.94827
2020,North Korea,0.0
2020,Oman,0.0
2020,Pakistan,0.20326
2020,Panama,0.0
2020,Papua New Guinea,30.38061
2020,Paraguay,0.0
2020,Peru,0.17583
2020,Philippines,0.05065
2020,Rwanda,24.37937
2020,Sao Tome and Principe,0.0
2020,Saudi Arabia,0.0
2020,Senegal,26.22882
2020,Sierra Leone,109.54618
2020,Solomon Islands,17.97512
2020,Somalia,14.34358
2020,South Africa,0.64624
2020,South Korea,0.0
2020,South Sudan,68.73321
2020,South-East Asia (WHO),0.52996
2020,Sri Lanka,0.0
2020,Sudan,17.18028
2020,Suriname,0.0
2020,Syria,0.0
2020,Tanzania,41.26764
2020,Thailand,0.02212
2020,Togo,44.35848
2020,Uganda,45.66868
2020,United Arab Emirates,0.0
2020,Vanuatu,0.0
2020,Venezuela,1.3759
2020,Vietnam,0.00281
2020,Western Pacific (WHO),0.41314
2020,World,15.14849
2020,Yemen,9.75297
2020,Zambia,46.7357
2020,Zimbabwe,23.91659
2021,Afghanistan,0.29441
2021,Africa (WHO),58.2268
2021,Algeria,0.0
2021,Americas (WHO),0.23524
2021,Angola,51.69289
2021,Argentina,0.0
2021,Armenia,0.0
2021,Azerbaijan,0.0
2021,Bangladesh,0.08786
2021,Belize,0.0
2021,Benin,85.8205
2021,Bhutan,0.0
2021,Bolivia,0.09124
2021,Botswana,0.11655
2021,Brazil,0.13331
2021,Burkina Faso,85.8616
2021,Burundi,47.46155
2021,Cambodia,0.08524
2021,Cameroon,50.88124
2021,Cape Verde,0.0
2021,Central African Republic,94.38986
2021,Chad,69.11642
2021,China,0.0
2021,Colombia,0.09645
2021,Comoros,3.16446
2021,Congo,39.29192
2021,Costa Rica,0.0
2021,Cote d'Ivoire,54.24654
2021,Democratic Republic of Congo,82.22298
2021,Djibouti,14.11206
2021,Dominican Republic,0.01633
2021,East Timor,0.0
2021,Eastern Mediterranean (WHO),2.51084
2021,Ecuador,0.0
2021,El Salvador,0.0
2021,Equatorial Guinea,48.02792
2021,Eritrea,5.82823
2021,Eswatini,0.0
2021,Ethiopia,9.83098
2021,French Guiana,0.0
2021,Gabon,16.40199
2021,Gambia,23.2962
2021,Georgia,0.0
2021,Ghana,38.24502
2021,Guatemala,0.0
2021,Guinea,69.75366
2021,Guinea-Bissau,49.93398
2021,Guyana,3.35584
2021,Haiti,0.55732
2021,Honduras,0.02148
2021,India,0.56644
2021,Indonesia,0.51579
2021,Iran,0.0
2021,Iraq,0.0
2021,Kazakhstan,0.0
2021,Kenya,22.65986
2021,Kyrgyzstan,0.0
2021,Laos,0.1553
2021,Liberia,68.89492
2021,Madagascar,43.47472
2021,Malawi,37.16489
2021,Malaysia,0.0
2021,Mali,90.99756
2021,Mauritania,24.78887
2021,Mauritius,0.0
2021,Mexico,0.0
2021,Morocco,0.0
2021,Mozambique,69.492
2021,Myanmar,0.72143
2021,Namibia,2.68883
2021,Nepal,0.0
2021,Nicaragua,0.0
2021,Niger,98.98735
2021,Nigeria,90.67985
2021,North Korea,0.0
2021,Oman,0.0
2021,Pakistan,0.2022
2021,Panama,0.0
2021,Papua New Guinea,24.61446
2021,Paraguay,0.0
2021,Peru,0.12838
2021,Philippines,0.03327
2021,Rwanda,24.20166
2021,Sao Tome and Principe,0.44822
2021,Saudi Arabia,0.0
2021,Senegal,25.92328
2021,Sierra Leone,98.73358
2021,Solomon Islands,23.11736
2021,Somalia,14.68453
2021,South Africa,0.94288
2021,South Korea,0.0
2021,South Sudan,68.32726
2021,South-East Asia (WHO),0.54269
2021,Sri Lanka,0.0
2021,Sudan,17.04879
2021,Suriname,0.0
2021,Syria,0.0
2021,Tajikistan,0.0
2021,Tanzania,40.55303
2021,Thailand,0.0
2021,Togo,42.97367
2021,Turkey,0.0
2021,Turkmenistan,0.0
2021,Uganda,42.88196
2021,United Arab Emirates,0.0
2021,Uzbekistan,0.0
2021,Vanuatu,0.0
2021,Venezuela,1.10639
2021,Vietnam,0.0
2021,Western Pacific (WHO),0.34589
2021,World,14.82107
2021,Yemen,11.54538
2021,Zambia,45.2213
2021,Zimbabwe,6.95584
