year,country,estimated_number_of_malaria_cases
2000,Afghanistan,1312939
2000,Africa (WHO),211089820
2000,Algeria,34
2000,Americas (WHO),1548657
2000,Angola,5339605
2000,Argentina,440
2000,Armenia,141
2000,Azerbaijan,1526
2000,Bangladesh,94616
2000,Belize,1486
2000,Benin,2886309
2000,Bhutan,5935
2000,Bolivia,45647
2000,Botswana,19146
2000,Brazil,760760
2000,Burkina Faso,7121621
2000,Burundi,2828604
2000,Cambodia,669109
2000,Cameroon,6133781
2000,Cape Verde,144
2000,Central African Republic,1661418
2000,Chad,2205617
2000,China,8025
2000,Colombia,210720
2000,Comoros,35604
2000,Congo,1107615
2000,Costa Rica,1879
2000,Cote d'Ivoire,8349017
2000,Democratic Republic of Congo,22826514
2000,Djibouti,1731
2000,Dominican Republic,1524
2000,East Timor,128146
2000,Eastern Mediterranean (WHO),6945341
2000,Ecuador,104528
2000,El Salvador,753
2000,Equatorial Guinea,213141
2000,Eritrea,42711
2000,Eswatini,787
2000,Ethiopia,15016444
2000,Europe (WHO),32565
2000,French Guiana,4428
2000,Gabon,420619
2000,Gambia,449173
2000,Georgia,245
2000,Ghana,8477878
2000,Guatemala,63676
2000,Guinea,3616058
2000,Guinea-Bissau,496631
2000,Guyana,33628
2000,Haiti,72190
2000,Honduras,51498
2000,India,19692324
2000,Indonesia,1141362
2000,Iran,19716
2000,Iraq,1860
2000,Kazakhstan,0
2000,Kenya,6837558
2000,Kyrgyzstan,7
2000,Laos,89755
2000,Liberia,1248403
2000,Madagascar,905987
2000,Malawi,5068222
2000,Malaysia,12705
2000,Mali,4565653
2000,Mauritania,304757
2000,Mexico,7390
2000,Morocco,3
2000,Mozambique,8416877
2000,Myanmar,1355454
2000,Namibia,77408
2000,Nepal,47986
2000,Nicaragua,29953
2000,Niger,4134706
2000,Nigeria,50779020
2000,North Korea,90582
2000,Oman,6
2000,Pakistan,923913
2000,Panama,1091
2000,Papua New Guinea,1462249
2000,Paraguay,6853
2000,Peru,103335
2000,Philippines,79974
2000,Rwanda,1536115
2000,Sao Tome and Principe,31975
2000,Saudi Arabia,6608
2000,Senegal,2676527
2000,Sierra Leone,2081568
2000,Solomon Islands,254582
2000,Somalia,1177314
2000,South Africa,18206
2000,South Korea,4183
2000,South Sudan,2245004
2000,South-East Asia (WHO),22845005
2000,Sri Lanka,210039
2000,Sudan,2439775
2000,Suriname,11361
2000,Syria,6
2000,Tajikistan,19064
2000,Tanzania,12072965
2000,Thailand,78561
2000,Togo,2221914
2000,Turkey,11432
2000,Turkmenistan,24
2000,Uganda,11703496
2000,United Arab Emirates,0
2000,Uzbekistan,126
2000,Vanuatu,23167
2000,Venezuela,35517
2000,Vietnam,201414
2000,Western Pacific (WHO),2805163
2000,World,245266552
2000,Yemen,1061470
2000,Zambia,3927883
2000,Zimbabwe,987103
2001,Afghanistan,1312939
2001,Africa (WHO),215879554
2001,Algeria,6
2001,Americas (WHO),1296757
2001,Angola,5533981
2001,Argentina,215
2001,Armenia,79
2001,Azerbaijan,1054
2001,Bangladesh,96431
2001,Belize,1162
2001,Benin,3107278
2001,Bhutan,5982
2001,Bolivia,22330
2001,Botswana,7698
2001,Brazil,467114
2001,Burkina Faso,7346774
2001,Burundi,2817680
2001,Cambodia,388681
2001,Cameroon,6421751
2001,Cape Verde,107
2001,Central African Republic,1668386
2001,Chad,2291665
2001,China,21237
2001,Colombia,333024
2001,Comoros,35623
2001,Congo,1141982
2001,Costa Rica,1363
2001,Cote d'Ivoire,8818723
2001,Democratic Republic of Congo,23541817
2001,Djibouti,1786
2001,Dominican Republic,1315
2001,East Timor,130282
2001,Eastern Mediterranean (WHO),7169562
2001,Ecuador,108903
2001,El Salvador,362
2001,Equatorial Guinea,219511
2001,Eritrea,54461
2001,Eswatini,1395
2001,Ethiopia,13910882
2001,Europe (WHO),23870
2001,French Guiana,4554
2001,Gabon,421598
2001,Gambia,449211
2001,Georgia,438
2001,Ghana,8428599
2001,Guatemala,42680
2001,Guinea,3641386
2001,Guinea-Bissau,410118
2001,Guyana,37974
2001,Haiti,73498
2001,Honduras,35405
2001,India,20074161
2001,Indonesia,1157570
2001,Iran,19303
2001,Iraq,1265
2001,Kazakhstan,0
2001,Kenya,7808825
2001,Kyrgyzstan,15
2001,Laos,62084
2001,Liberia,1311933
2001,Madagascar,1111496
2001,Malawi,5289453
2001,Malaysia,12780
2001,Mali,4719788
2001,Mauritania,307700
2001,Mexico,4996
2001,Morocco,0
2001,Mozambique,8997785
2001,Myanmar,1369637
2001,Namibia,102902
2001,Nepal,55778
2001,Nicaragua,13275
2001,Niger,4180737
2001,Nigeria,51229713
2001,North Korea,115615
2001,Oman,2
2001,Pakistan,1037774
2001,Panama,977
2001,Papua New Guinea,1443554
2001,Paraguay,2706
2001,Peru,105067
2001,Philippines,56147
2001,Rwanda,1478868
2001,Sao Tome and Principe,42086
2001,Saudi Arabia,3074
2001,Senegal,2470115
2001,Sierra Leone,2201474
2001,Solomon Islands,285929
2001,Somalia,1283399
2001,South Africa,26506
2001,South Korea,2556
2001,South Sudan,2283971
2001,South-East Asia (WHO),23135506
2001,Sri Lanka,66522
2001,Sudan,2326967
2001,Suriname,16003
2001,Syria,63
2001,Tajikistan,11387
2001,Tanzania,12064438
2001,Thailand,63528
2001,Togo,2289405
2001,Turkey,10812
2001,Turkmenistan,8
2001,Uganda,12579134
2001,United Arab Emirates,0
2001,Uzbekistan,77
2001,Vanuatu,18702
2001,Venezuela,23834
2001,Vietnam,185145
2001,Western Pacific (WHO),2476815
2001,World,249982065
2001,Yemen,1182990
2001,Zambia,4119122
2001,Zimbabwe,993468
2002,Afghanistan,1382972
2002,Africa (WHO),213799385
2002,Algeria,10
2002,Americas (WHO),1182832
2002,Angola,5414605
2002,Argentina,125
2002,Armenia,52
2002,Azerbaijan,505
2002,Bangladesh,98239
2002,Belize,1134
2002,Benin,3371811
2002,Bhutan,6511
2002,Bolivia,19768
2002,Botswana,3663
2002,Brazil,407200
2002,Burkina Faso,7513033
2002,Burundi,2777742
2002,Cambodia,349008
2002,Cameroon,6530590
2002,Cape Verde,76
2002,Central African Republic,1707571
2002,Chad,2066768
2002,China,25520
2002,Colombia,291432
2002,Comoros,35657
2002,Congo,1071547
2002,Costa Rica,1021
2002,Cote d'Ivoire,9068162
2002,Democratic Republic of Congo,24298635
2002,Djibouti,1841
2002,Dominican Republic,1685
2002,East Timor,104357
2002,Eastern Mediterranean (WHO),6751568
2002,Ecuador,86757
2002,El Salvador,117
2002,Equatorial Guinea,227948
2002,Eritrea,32823
2002,Eswatini,670
2002,Ethiopia,12570226
2002,Europe (WHO),20232
2002,French Guiana,4348
2002,Gabon,393460
2002,Gambia,449003
2002,Georgia,474
2002,Ghana,8148113
2002,Guatemala,42213
2002,Guinea,3556986
2002,Guinea-Bissau,323277
2002,Guyana,30656
2002,Haiti,74792
2002,Honduras,25251
2002,India,18873095
2002,Indonesia,1173580
2002,Iran,15558
2002,Iraq,952
2002,Kazakhstan,0
2002,Kenya,7444032
2002,Kyrgyzstan,2725
2002,Laos,50404
2002,Liberia,1343961
2002,Madagascar,898515
2002,Malawi,5157186
2002,Malaysia,11019
2002,Mali,4977784
2002,Mauritania,308961
2002,Mexico,4624
2002,Morocco,19
2002,Mozambique,9283388
2002,Myanmar,1383490
2002,Namibia,70395
2002,Nepal,85217
2002,Nicaragua,9745
2002,Niger,4048859
2002,Nigeria,50952482
2002,North Korea,98852
2002,Oman,6
2002,Pakistan,966325
2002,Panama,2363
2002,Papua New Guinea,1235844
2002,Paraguay,2775
2002,Peru,128960
2002,Philippines,70585
2002,Rwanda,1375805
2002,Sao Tome and Principe,50586
2002,Saudi Arabia,2612
2002,Senegal,2248602
2002,Sierra Leone,2269445
2002,Solomon Islands,280109
2002,Somalia,1236218
2002,South Africa,15649
2002,South Korea,1799
2002,South Sudan,2250591
2002,South-East Asia (WHO),21909307
2002,Sri Lanka,41411
2002,Sudan,1837673
2002,Suriname,12837
2002,Syria,15
2002,Tajikistan,6160
2002,Tanzania,11478532
2002,Thailand,44555
2002,Togo,2382832
2002,Turkey,10224
2002,Turkmenistan,18
2002,Uganda,12776442
2002,United Arab Emirates,0
2002,Uzbekistan,74
2002,Vanuatu,36655
2002,Venezuela,35029
2002,Vietnam,131451
2002,Western Pacific (WHO),2192394
2002,World,245855718
2002,Yemen,1307377
2002,Zambia,3903346
2002,Zimbabwe,999612
2003,Afghanistan,1242906
2003,Africa (WHO),216401199
2003,Algeria,5
2003,Americas (WHO),1159333
2003,Angola,5686167
2003,Argentina,124
2003,Armenia,29
2003,Azerbaijan,480
2003,Bangladesh,99970
2003,Belize,1324
2003,Benin,3601326
2003,Bhutan,3806
2003,Bolivia,27568
2003,Botswana,1862
2003,Brazil,465651
2003,Burkina Faso,7615906
2003,Burundi,2699483
2003,Cambodia,464899
2003,Cameroon,6910604
2003,Cape Verde,68
2003,Central African Republic,1767275
2003,Chad,2100279
2003,China,28491
2003,Colombia,254224
2003,Comoros,35658
2003,Congo,1093188
2003,Costa Rica,718
2003,Cote d'Ivoire,9270252
2003,Democratic Republic of Congo,25246571
2003,Djibouti,1881
2003,Dominican Republic,1983
2003,East Timor,67524
2003,Eastern Mediterranean (WHO),6374197
2003,Ecuador,52065
2003,El Salvador,85
2003,Equatorial Guinea,242764
2003,Eritrea,49490
2003,Eswatini,342
2003,Ethiopia,13022221
2003,Europe (WHO),16017
2003,French Guiana,4540
2003,Gabon,342808
2003,Gambia,448547
2003,Georgia,316
2003,Ghana,7895135
2003,Guatemala,36810
2003,Guinea,3457916
2003,Guinea-Bissau,240938
2003,Guyana,38681
2003,Haiti,76093
2003,Honduras,20706
2003,India,20204783
2003,Indonesia,1189388
2003,Iran,23562
2003,Iraq,347
2003,Kazakhstan,0
2003,Kenya,7177403
2003,Kyrgyzstan,461
2003,Laos,45710
2003,Liberia,1339076
2003,Madagascar,1180072
2003,Malawi,4851733
2003,Malaysia,6338
2003,Mali,5230718
2003,Mauritania,319661
2003,Mayotte,1743
2003,Mexico,3819
2003,Morocco,4
2003,Mozambique,9278676
2003,Myanmar,1396707
2003,Namibia,67564
2003,Nepal,72856
2003,Nicaragua,8507
2003,Niger,3825282
2003,Nigeria,52423482
2003,North Korea,16538
2003,Oman,6
2003,Pakistan,924733
2003,Panama,4739
2003,Papua New Guinea,1333205
2003,Paraguay,1388
2003,Peru,111816
2003,Philippines,100493
2003,Rwanda,1231753
2003,Sao Tome and Principe,42656
2003,Saudi Arabia,1724
2003,Senegal,2063074
2003,Sierra Leone,2246838
2003,Solomon Islands,239181
2003,Somalia,1268524
2003,South Africa,13459
2003,South Korea,1171
2003,South Sudan,2229084
2003,South-East Asia (WHO),23099437
2003,Sri Lanka,10510
2003,Sudan,1722030
2003,Suriname,10982
2003,Syria,2
2003,Tajikistan,5428
2003,Tanzania,11088120
2003,Thailand,37355
2003,Togo,2518511
2003,Turkey,9222
2003,Turkmenistan,7
2003,Uganda,12758978
2003,United Arab Emirates,0
2003,Uzbekistan,74
2003,Vanuatu,42687
2003,Venezuela,37510
2003,Vietnam,96592
2003,Western Pacific (WHO),2358767
2003,World,249408950
2003,Yemen,1188478
2003,Zambia,3777289
2003,Zimbabwe,1007217
2004,Afghanistan,716954
2004,Africa (WHO),216335188
2004,Algeria,2
2004,Americas (WHO),1146570
2004,Angola,5889113
2004,Argentina,116
2004,Armenia,47
2004,Azerbaijan,386
2004,Bangladesh,101645
2004,Belize,1066
2004,Benin,3859662
2004,Bhutan,2670
2004,Bolivia,20206
2004,Botswana,1217
2004,Brazil,516739
2004,Burkina Faso,7546925
2004,Burundi,2453417
2004,Cambodia,403094
2004,Cameroon,7231963
2004,Cape Verde,45
2004,Central African Republic,1837290
2004,Chad,2133329
2004,China,27197
2004,Colombia,197464
2004,Comoros,35631
2004,Congo,1126012
2004,Costa Rica,1289
2004,Cote d'Ivoire,9314093
2004,Democratic Republic of Congo,26379550
2004,Djibouti,1909
2004,Dominican Republic,3046
2004,East Timor,234045
2004,Eastern Mediterranean (WHO),5215386
2004,Ecuador,28730
2004,El Salvador,112
2004,Equatorial Guinea,264018
2004,Eritrea,15093
2004,Eswatini,574
2004,Ethiopia,12673710
2004,Europe (WHO),9740
2004,French Guiana,3580
2004,Gabon,266172
2004,Gambia,447989
2004,Georgia,257
2004,Ghana,7590600
2004,Guatemala,34124
2004,Guinea,3277416
2004,Guinea-Bissau,166563
2004,Guyana,40416
2004,Haiti,77382
2004,Honduras,25353
2004,India,22459649
2004,Indonesia,1087185
2004,Iran,13821
2004,Iraq,155
2004,Kazakhstan,0
2004,Kenya,6304649
2004,Kyrgyzstan,91
2004,Laos,40333
2004,Liberia,1270287
2004,Madagascar,834134
2004,Malawi,4633730
2004,Malaysia,6154
2004,Mali,5475357
2004,Mauritania,286610
2004,Mayotte,1632
2004,Mexico,3406
2004,Morocco,1
2004,Mozambique,8967650
2004,Myanmar,1409035
2004,Namibia,105493
2004,Nepal,34773
2004,Nicaragua,8735
2004,Niger,4016648
2004,Nigeria,55028747
2004,North Korea,15827
2004,Oman,0
2004,Pakistan,683580
2004,Panama,5365
2004,Papua New Guinea,1708217
2004,Paraguay,692
2004,Peru,115387
2004,Philippines,91225
2004,Rwanda,1101660
2004,Sao Tome and Principe,46486
2004,Saudi Arabia,1232
2004,Senegal,1393434
2004,Sierra Leone,2267452
2004,Solomon Islands,337823
2004,Somalia,1245035
2004,South Africa,13399
2004,South Korea,864
2004,South Sudan,2243889
2004,South-East Asia (WHO),25375239
2004,Sri Lanka,3720
2004,Sudan,1596519
2004,Suriname,8378
2004,Syria,1
2004,Tajikistan,3588
2004,Tanzania,10574049
2004,Thailand,26690
2004,Togo,2657728
2004,Turkey,5302
2004,Turkmenistan,3
2004,Uganda,12210978
2004,United Arab Emirates,0
2004,Uzbekistan,66
2004,Vanuatu,30560
2004,Venezuela,54984
2004,Vietnam,56559
2004,Western Pacific (WHO),2702026
2004,World,250784149
2004,Yemen,956179
2004,Zambia,3376477
2004,Zimbabwe,1014311
2005,Afghanistan,535477
2005,Africa (WHO),212856354
2005,Algeria,1
2005,Americas (WHO),1273211
2005,Angola,6146933
2005,Argentina,231
2005,Armenia,7
2005,Azerbaijan,242
2005,Bangladesh,103199
2005,Belize,1549
2005,Benin,4026128
2005,Bhutan,1825
2005,Bolivia,27296
2005,Botswana,1466
2005,Brazil,658276
2005,Burkina Faso,7363398
2005,Burundi,2307035
2005,Cambodia,388706
2005,Cameroon,7297108
2005,Cape Verde,68
2005,Central African Republic,1872113
2005,Chad,2232423
2005,China,21936
2005,Colombia,166899
2005,Comoros,35616
2005,Congo,1100055
2005,Costa Rica,3541
2005,Cote d'Ivoire,8692864
2005,Democratic Republic of Congo,27239636
2005,Djibouti,1938
2005,Dominican Republic,4950
2005,East Timor,153748
2005,Eastern Mediterranean (WHO),5412749
2005,Ecuador,17050
2005,El Salvador,67
2005,Equatorial Guinea,287656
2005,Eritrea,27680
2005,Eswatini,279
2005,Ethiopia,8879900
2005,Europe (WHO),5125
2005,French Guiana,4015
2005,Gabon,214915
2005,Gambia,447415
2005,Georgia,155
2005,Ghana,7350612
2005,Guatemala,46748
2005,Guinea,3143778
2005,Guinea-Bissau,131429
2005,Guyana,54583
2005,Haiti,78681
2005,Honduras,23468
2005,India,24222815
2005,Indonesia,1187260
2005,Iran,18966
2005,Iraq,47
2005,Kazakhstan,0
2005,Kenya,5018999
2005,Kyrgyzstan,225
2005,Laos,35002
2005,Liberia,1269211
2005,Madagascar,662852
2005,Malawi,4716725
2005,Malaysia,5569
2005,Mali,5683984
2005,Mauritania,281841
2005,Mayotte,1089
2005,Mexico,2967
2005,Morocco,0
2005,Mozambique,8517561
2005,Myanmar,1420525
2005,Namibia,65303
2005,Nepal,36030
2005,Nicaragua,8412
2005,Niger,4271200
2005,Nigeria,57411916
2005,North Korea,6728
2005,Oman,0
2005,Pakistan,845170
2005,Panama,3861
2005,Papua New Guinea,1413497
2005,Paraguay,373
2005,Peru,108134
2005,Philippines,83163
2005,Rwanda,1385594
2005,Sao Tome and Principe,18139
2005,Saudi Arabia,1059
2005,Senegal,1362379
2005,Sierra Leone,2270241
2005,Solomon Islands,286015
2005,Somalia,1392857
2005,South Africa,7755
2005,South Korea,1369
2005,South Sudan,2342844
2005,South-East Asia (WHO),27163552
2005,Sri Lanka,1640
2005,Sudan,1614440
2005,Suriname,9131
2005,Syria,0
2005,Tajikistan,2309
2005,Tanzania,9949128
2005,Thailand,29782
2005,Togo,2693615
2005,Turkey,2084
2005,Turkmenistan,1
2005,Uganda,12118906
2005,United Arab Emirates,0
2005,Uzbekistan,102
2005,Vanuatu,25624
2005,Venezuela,52979
2005,Vietnam,40604
2005,Western Pacific (WHO),2301485
2005,World,249012476
2005,Yemen,1002795
2005,Zambia,2988921
2005,Zimbabwe,1019639
2006,Afghanistan,418216
2006,Africa (WHO),212073244
2006,Algeria,1
2006,Americas (WHO),1097170
2006,Angola,6076182
2006,Argentina,172
2006,Armenia,0
2006,Azerbaijan,141
2006,Bangladesh,68539
2006,Belize,844
2006,Benin,4140781
2006,Bhutan,1868
2006,Bolivia,25742
2006,Botswana,4801
2006,Brazil,584183
2006,Burkina Faso,7347269
2006,Burundi,2161939
2006,Cambodia,437975
2006,Cameroon,7222479
2006,Cape Verde,80
2006,Central African Republic,1889964
2006,Chad,2342105
2006,China,35383
2006,Colombia,165418
2006,Comoros,35607
2006,Congo,1063802
2006,Costa Rica,2903
2006,Cote d'Ivoire,8496241
2006,Democratic Republic of Congo,27667876
2006,Djibouti,1976
2006,Dominican Republic,4535
2006,East Timor,164285
2006,Eastern Mediterranean (WHO),5363013
2006,Ecuador,9863
2006,El Salvador,49
2006,Equatorial Guinea,302024
2006,Eritrea,16438
2006,Eswatini,155
2006,Ethiopia,8345640
2006,Europe (WHO),2732
2006,French Guiana,4796
2006,Gabon,202209
2006,Gambia,447057
2006,Georgia,59
2006,Ghana,7330580
2006,Guatemala,36610
2006,Guinea,3153121
2006,Guinea-Bissau,111165
2006,Guyana,27629
2006,Haiti,81199
2006,Honduras,17218
2006,India,19820336
2006,Indonesia,1385963
2006,Iran,15909
2006,Iraq,24
2006,Kazakhstan,0
2006,Kenya,3900370
2006,Kyrgyzstan,318
2006,Laos,48965
2006,Liberia,1300190
2006,Madagascar,666523
2006,Malawi,4638347
2006,Malaysia,5294
2006,Mali,5527211
2006,Mauritania,258559
2006,Mayotte,682
2006,Mexico,2514
2006,Morocco,0
2006,Mozambique,8325146
2006,Myanmar,1017913
2006,Namibia,68176
2006,Nepal,35567
2006,Nicaragua,3943
2006,Niger,4386050
2006,Nigeria,59418382
2006,North Korea,6913
2006,Oman,0
2006,Pakistan,851104
2006,Panama,1751
2006,Papua New Guinea,1481681
2006,Paraguay,820
2006,Peru,80054
2006,Philippines,102993
2006,Rwanda,1396437
2006,Sao Tome and Principe,5146
2006,Saudi Arabia,1278
2006,Senegal,1376263
2006,Sierra Leone,2277054
2006,Solomon Islands,281888
2006,Somalia,1274766
2006,South Africa,12098
2006,South Korea,2051
2006,South Sudan,2450862
2006,South-East Asia (WHO),22532269
2006,Sri Lanka,591
2006,Sudan,1597895
2006,Suriname,3289
2006,Syria,0
2006,Tajikistan,1344
2006,Tanzania,9232996
2006,Thailand,30294
2006,Togo,2660724
2006,Turkey,796
2006,Turkmenistan,1
2006,Uganda,12122459
2006,United Arab Emirates,0
2006,Uzbekistan,73
2006,Vanuatu,22943
2006,Venezuela,43638
2006,Vietnam,43620
2006,Western Pacific (WHO),2462793
2006,World,243531222
2006,Yemen,1201845
2006,Zambia,2663591
2006,Zimbabwe,1028458
2007,Afghanistan,452626
2007,Africa (WHO),211773290
2007,Algeria,26
2007,Americas (WHO),988539
2007,Angola,5736210
2007,Argentina,328
2007,Armenia,0
2007,Azerbaijan,108
2007,Bangladesh,126937
2007,Belize,845
2007,Benin,4220168
2007,Bhutan,793
2007,Bolivia,19799
2007,Botswana,1292
2007,Brazil,534516
2007,Burkina Faso,7693631
2007,Burundi,1891093
2007,Cambodia,191165
2007,Cameroon,7031151
2007,Cape Verde,18
2007,Central African Republic,1891580
2007,Chad,2424988
2007,China,29304
2007,Colombia,173191
2007,Comoros,35591
2007,Congo,1015538
2007,Costa Rica,1223
2007,Cote d'Ivoire,8685416
2007,Democratic Republic of Congo,27977616
2007,Djibouti,2018
2007,Dominican Republic,3478
2007,East Timor,114693
2007,Eastern Mediterranean (WHO),4737690
2007,Ecuador,8194
2007,El Salvador,40
2007,Equatorial Guinea,314016
2007,Eritrea,37568
2007,Eswatini,84
2007,Ethiopia,7346228
2007,Europe (WHO),1206
2007,French Guiana,5647
2007,Gabon,200278
2007,Gambia,446954
2007,Georgia,24
2007,Ghana,7556676
2007,Guatemala,17992
2007,Guinea,3297950
2007,Guinea-Bissau,112956
2007,Guyana,15697
2007,Haiti,73292
2007,Honduras,14962
2007,India,19163338
2007,Indonesia,1252185
2007,Iran,15712
2007,Iraq,2
2007,Kazakhstan,0
2007,Kenya,3076957
2007,Kyrgyzstan,96
2007,Laos,45688
2007,Liberia,1347464
2007,Madagascar,442208
2007,Malawi,4731580
2007,Malaysia,4048
2007,Mali,5474736
2007,Mauritania,246899
2007,Mayotte,614
2007,Mexico,2361
2007,Morocco,0
2007,Mozambique,8256754
2007,Myanmar,1285206
2007,Namibia,20663
2007,Nepal,42145
2007,Nicaragua,1717
2007,Niger,4668666
2007,Nigeria,61400329
2007,North Korea,4795
2007,Oman,4
2007,Pakistan,835398
2007,Panama,1349
2007,Papua New Guinea,1251261
2007,Paraguay,1337
2007,Peru,62633
2007,Philippines,112751
2007,Rwanda,840559
2007,Sao Tome and Principe,2421
2007,Saudi Arabia,467
2007,Senegal,1160145
2007,Sierra Leone,2396659
2007,Solomon Islands,155491
2007,Somalia,1128218
2007,South Africa,6327
2007,South Korea,2227
2007,South Sudan,2520885
2007,South-East Asia (WHO),22023468
2007,Sri Lanka,198
2007,Sudan,1450820
2007,Suriname,1104
2007,Syria,0
2007,Tajikistan,635
2007,Tanzania,8298126
2007,Thailand,33178
2007,Togo,2566605
2007,Turkey,313
2007,Turkmenistan,0
2007,Uganda,12308621
2007,United Arab Emirates,0
2007,Uzbekistan,30
2007,Vanuatu,27312
2007,Venezuela,48834
2007,Vietnam,28022
2007,Western Pacific (WHO),1847269
2007,World,241371462
2007,Yemen,852425
2007,Zambia,2399017
2007,Zimbabwe,1690025
2008,Afghanistan,402909
2008,Africa (WHO),211953110
2008,Algeria,3
2008,Americas (WHO),696347
2008,Angola,5063972
2008,Argentina,105
2008,Armenia,0
2008,Azerbaijan,72
2008,Bangladesh,121043
2008,Belize,540
2008,Benin,4183971
2008,Bhutan,329
2008,Bolivia,13210
2008,Botswana,2457
2008,Brazil,335694
2008,Burkina Faso,8386574
2008,Burundi,1694813
2008,Cambodia,214883
2008,Cameroon,6574374
2008,Cape Verde,35
2008,Central African Republic,1888773
2008,Chad,2521828
2008,China,16650
2008,Colombia,109966
2008,Comoros,35567
2008,Congo,946201
2008,Costa Rica,966
2008,Cote d'Ivoire,9176757
2008,Democratic Republic of Congo,27698851
2008,Djibouti,2060
2008,Dominican Republic,2365
2008,East Timor,134166
2008,Eastern Mediterranean (WHO),3675847
2008,Ecuador,4891
2008,El Salvador,33
2008,Equatorial Guinea,307734
2008,Eritrea,20767
2008,Eswatini,58
2008,Ethiopia,6406358
2008,Europe (WHO),587
2008,French Guiana,3884
2008,Gabon,245099
2008,Gambia,446959
2008,Georgia,6
2008,Ghana,8170400
2008,Guatemala,8421
2008,Guinea,3612353
2008,Guinea-Bissau,134274
2008,Guyana,16365
2008,Haiti,89554
2008,Honduras,11741
2008,India,20063261
2008,Indonesia,1268598
2008,Iran,8349
2008,Iraq,2
2008,Kazakhstan,0
2008,Kenya,2652387
2008,Kyrgyzstan,18
2008,Laos,41446
2008,Liberia,1403261
2008,Madagascar,469371
2008,Malawi,5115871
2008,Malaysia,6071
2008,Mali,5515727
2008,Mauritania,209089
2008,Mayotte,410
2008,Mexico,2357
2008,Morocco,0
2008,Mozambique,8345403
2008,Myanmar,1573810
2008,Namibia,12094
2008,Nepal,31003
2008,Nicaragua,965
2008,Niger,5403729
2008,Nigeria,63355538
2008,North Korea,16611
2008,Oman,0
2008,Pakistan,763800
2008,Panama,783
2008,Papua New Guinea,1180316
2008,Paraguay,331
2008,Peru,54608
2008,Philippines,74621
2008,Rwanda,683661
2008,Sao Tome and Principe,6258
2008,Saudi Arabia,61
2008,Senegal,628766
2008,Sierra Leone,2654929
2008,Solomon Islands,93119
2008,Somalia,719911
2008,South Africa,7796
2008,South Korea,1063
2008,South Sudan,2586745
2008,South-East Asia (WHO),23238039
2008,Sri Lanka,649
2008,Sudan,1238850
2008,Suriname,2086
2008,Syria,0
2008,Tajikistan,318
2008,Tanzania,7417960
2008,Thailand,28569
2008,Togo,2307220
2008,Turkey,166
2008,Turkmenistan,0
2008,Uganda,12751923
2008,United Arab Emirates,0
2008,Uzbekistan,7
2008,Vanuatu,26771
2008,Venezuela,37482
2008,Vietnam,17911
2008,Western Pacific (WHO),1672851
2008,World,241236782
2008,Yemen,539905
2008,Zambia,2217906
2008,Zimbabwe,688884
2009,Afghanistan,274981
2009,Africa (WHO),215949937
2009,Algeria,0
2009,Americas (WHO),687600
2009,Angola,4429795
2009,Argentina,92
2009,Armenia,0
2009,Azerbaijan,78
2009,Bangladesh,80603
2009,Belize,256
2009,Benin,4032019
2009,Bhutan,1057
2009,Bolivia,13344
2009,Botswana,2719
2009,Brazil,328858
2009,Burkina Faso,8932652
2009,Burundi,1532448
2009,Cambodia,426267
2009,Cameroon,5936562
2009,Cape Verde,65
2009,Central African Republic,1869529
2009,Chad,2687611
2009,China,9287
2009,Colombia,110555
2009,Comoros,35544
2009,Congo,923124
2009,Costa Rica,262
2009,Cote d'Ivoire,9645843
2009,Democratic Republic of Congo,26605770
2009,Djibouti,2686
2009,Dominican Republic,2115
2009,East Timor,100128
2009,Eastern Mediterranean (WHO),3595279
2009,Ecuador,4126
2009,El Salvador,21
2009,Equatorial Guinea,293747
2009,Eritrea,27656
2009,Eswatini,106
2009,Ethiopia,8773515
2009,Europe (WHO),282
2009,French Guiana,4051
2009,Gabon,325788
2009,Gambia,447032
2009,Georgia,1
2009,Ghana,8947844
2009,Guatemala,8285
2009,Guinea,4003420
2009,Guinea-Bissau,166267
2009,Guyana,17877
2009,Haiti,84023
2009,Honduras,12900
2009,India,20663404
2009,Indonesia,1284831
2009,Iran,4345
2009,Iraq,0
2009,Kazakhstan,0
2009,Kenya,2593628
2009,Kyrgyzstan,1
2009,Laos,47466
2009,Liberia,1384603
2009,Madagascar,882824
2009,Malawi,5457399
2009,Malaysia,5955
2009,Mali,5630658
2009,Mauritania,108111
2009,Mayotte,206
2009,Mexico,2703
2009,Morocco,0
2009,Mozambique,8469429
2009,Myanmar,1492378
2009,Namibia,6068
2009,Nepal,25643
2009,Nicaragua,772
2009,Niger,6017879
2009,Nigeria,63192869
2009,North Korea,14632
2009,Oman,0
2009,Pakistan,1015691
2009,Panama,819
2009,Papua New Guinea,1563409
2009,Paraguay,80
2009,Peru,52035
2009,Philippines,58824
2009,Rwanda,1546660
2009,Sao Tome and Principe,6182
2009,Saudi Arabia,58
2009,Senegal,405713
2009,Sierra Leone,2881379
2009,Solomon Islands,75305
2009,Somalia,454522
2009,South Africa,6072
2009,South Korea,898
2009,South Sudan,2640300
2009,South-East Asia (WHO),23692669
2009,Sri Lanka,531
2009,Sudan,1140986
2009,Suriname,2499
2009,Syria,0
2009,Tajikistan,164
2009,Tanzania,6797118
2009,Thailand,29462
2009,Togo,2050314
2009,Turkey,38
2009,Turkmenistan,0
2009,Uganda,13289108
2009,United Arab Emirates,0
2009,Uzbekistan,0
2009,Vanuatu,14887
2009,Venezuela,41927
2009,Vietnam,22853
2009,Western Pacific (WHO),2225151
2009,World,246150919
2009,Yemen,702010
2009,Zambia,2200401
2009,Zimbabwe,763956
2010,Afghanistan,292015
2010,Africa (WHO),216716235
2010,Algeria,1
2010,Americas (WHO),818245
2010,Angola,4035439
2010,Argentina,54
2010,Armenia,0
2010,Azerbaijan,50
2010,Bangladesh,69307
2010,Belize,150
2010,Benin,3862955
2010,Bhutan,436
2010,Bolivia,18659
2010,Botswana,2229
2010,Brazil,390024
2010,Burkina Faso,9194223
2010,Burundi,1544609
2010,Cambodia,353293
2010,Cameroon,5688134
2010,Cape Verde,47
2010,Central African Republic,1843530
2010,Chad,2777637
2010,China,4990
2010,Colombia,164564
2010,Comoros,36538
2010,Congo,951092
2010,Costa Rica,110
2010,Cote d'Ivoire,9969293
2010,Democratic Republic of Congo,25886795
2010,Djibouti,1010
2010,Dominican Republic,3202
2010,East Timor,95412
2010,Eastern Mediterranean (WHO),4477117
2010,Ecuador,1888
2010,El Salvador,17
2010,Equatorial Guinea,293402
2010,Eritrea,83471
2010,Eswatini,268
2010,Ethiopia,10362488
2010,Europe (WHO),168
2010,French Guiana,2092
2010,Gabon,400246
2010,Gambia,447124
2010,Georgia,0
2010,Ghana,9571242
2010,Guatemala,9468
2010,Guinea,4320306
2010,Guinea-Bissau,198836
2010,Guyana,29631
2010,Haiti,84993
2010,Honduras,13308
2010,India,20241628
2010,Indonesia,1991459
2010,Iran,1847
2010,Iraq,0
2010,Kazakhstan,0
2010,Kenya,2696154
2010,Kyrgyzstan,3
2010,Laos,43766
2010,Liberia,1354819
2010,Madagascar,893540
2010,Malawi,5615374
2010,Malaysia,5194
2010,Mali,5957047
2010,Mauritania,123348
2010,Mayotte,412
2010,Mexico,1226
2010,Morocco,0
2010,Mozambique,8660053
2010,Myanmar,1507212
2010,Namibia,2590
2010,Nepal,30196
2010,Nicaragua,876
2010,Niger,6785885
2010,Nigeria,60551056
2010,North Korea,13520
2010,Oman,0
2010,Pakistan,1445704
2010,Panama,440
2010,Papua New Guinea,1079284
2010,Paraguay,20
2010,Peru,37847
2010,Philippines,53512
2010,Rwanda,1079765
2010,Sao Tome and Principe,3146
2010,Saudi Arabia,29
2010,Senegal,763134
2010,Sierra Leone,2977797
2010,Solomon Islands,91425
2010,Somalia,500313
2010,South Africa,8060
2010,South Korea,1267
2010,South Sudan,2775374
2010,South-East Asia (WHO),23982334
2010,Sri Lanka,684
2010,Sudan,1104287
2010,Suriname,1771
2010,Syria,0
2010,Tajikistan,112
2010,Tanzania,6350485
2010,Thailand,32480
2010,Togo,1984921
2010,Turkey,0
2010,Turkmenistan,0
2010,Uganda,13241888
2010,United Arab Emirates,0
2010,Uzbekistan,3
2010,Vanuatu,20972
2010,Venezuela,57905
2010,Vietnam,22959
2010,Western Pacific (WHO),1676662
2010,World,247670761
2010,Yemen,1131912
2010,Zambia,2323628
2010,Zimbabwe,1097776
2011,Afghanistan,362319
2011,Africa (WHO),214366744
2011,Algeria,1
2011,Americas (WHO),615178
2011,Angola,3812871
2011,Argentina,0
2011,Armenia,0
2011,Azerbaijan,4
2011,Bangladesh,63432
2011,Belize,72
2011,Benin,3703932
2011,Bhutan,194
2011,Bolivia,9680
2011,Botswana,682
2011,Brazil,284024
2011,Burkina Faso,9242057
2011,Burundi,1560776
2011,Cambodia,368041
2011,Cameroon,5451139
2011,Cape Verde,7
2011,Central African Republic,1825670
2011,Chad,2680861
2011,China,1308
2011,Colombia,90130
2011,Comoros,24856
2011,Congo,987985
2011,Costa Rica,10
2011,Cote d'Ivoire,9963140
2011,Democratic Republic of Congo,25108174
2011,Djibouti,2185
2011,Dominican Republic,2088
2011,East Timor,30828
2011,Eastern Mediterranean (WHO),4605018
2011,Ecuador,1219
2011,El Salvador,7
2011,Equatorial Guinea,306229
2011,Eritrea,76678
2011,Eswatini,379
2011,Ethiopia,10953634
2011,Europe (WHO),82
2011,French Guiana,1413
2011,Gabon,452439
2011,Gambia,473874
2011,Georgia,0
2011,Ghana,9973490
2011,Guatemala,7968
2011,Guinea,4565610
2011,Guinea-Bissau,212103
2011,Guyana,38863
2011,Haiti,81483
2011,Honduras,10269
2011,India,17298372
2011,Indonesia,1811566
2011,Iran,1632
2011,Iraq,0
2011,Kazakhstan,0
2011,Kenya,2844501
2011,Kyrgyzstan,0
2011,Laos,30366
2011,Liberia,1354061
2011,Madagascar,823538
2011,Malawi,5570026
2011,Malaysia,3954
2011,Mali,6491808
2011,Mauritania,162490
2011,Mayotte,89
2011,Mexico,1124
2011,Morocco,0
2011,Mozambique,8783904
2011,Myanmar,1326603
2011,Namibia,3092
2011,Nepal,18512
2011,Nicaragua,1171
2011,Niger,7283090
2011,Nigeria,58184509
2011,North Korea,16760
2011,Oman,0
2011,Pakistan,1905938
2011,Panama,372
2011,Papua New Guinea,899054
2011,Paraguay,1
2011,Peru,30924
2011,Philippines,23918
2011,Rwanda,390611
2011,Sao Tome and Principe,8442
2011,Saudi Arabia,69
2011,Senegal,626038
2011,Sierra Leone,3009591
2011,Solomon Islands,62676
2011,Somalia,419303
2011,South Africa,9866
2011,South Korea,505
2011,South Sudan,2979272
2011,South-East Asia (WHO),20591288
2011,Sri Lanka,124
2011,Sudan,1120801
2011,Suriname,795
2011,Syria,0
2011,Tajikistan,78
2011,Tanzania,5992159
2011,Thailand,24897
2011,Togo,2034724
2011,Turkey,0
2011,Turkmenistan,0
2011,Uganda,13141152
2011,United Arab Emirates,0
2011,Uzbekistan,0
2011,Vanuatu,11631
2011,Venezuela,53565
2011,Vietnam,20206
2011,Western Pacific (WHO),1421659
2011,World,241599970
2011,Yemen,792771
2011,Zambia,2575149
2011,Zimbabwe,722030
2012,Afghanistan,220653
2012,Africa (WHO),214135861
2012,Algeria,55
2012,Americas (WHO),585401
2012,Angola,3884445
2012,Argentina,0
2012,Armenia,0
2012,Azerbaijan,3
2012,Bangladesh,35375
2012,Belize,33
2012,Benin,3650774
2012,Bhutan,82
2012,Bolivia,10048
2012,Botswana,304
2012,Brazil,258095
2012,Burkina Faso,9159529
2012,Burundi,1628919
2012,Cambodia,260016
2012,Cameroon,5418988
2012,Cape Verde,1
2012,Central African Republic,1802996
2012,Chad,2581469
2012,China,244
2012,Colombia,84176
2012,Comoros,49840
2012,Congo,1020805
2012,Costa Rica,6
2012,Cote d'Ivoire,8330987
2012,Democratic Republic of Congo,24531464
2012,Djibouti,2226
2012,Dominican Republic,1232
2012,East Timor,7263
2012,Eastern Mediterranean (WHO),4333295
2012,Ecuador,544
2012,El Salvador,13
2012,Equatorial Guinea,343007
2012,Eritrea,52483
2012,Eswatini,409
2012,Ethiopia,13064346
2012,Europe (WHO),31
2012,French Guiana,1054
2012,Gabon,473866
2012,Gambia,523991
2012,Georgia,0
2012,Ghana,9977648
2012,Guatemala,6262
2012,Guinea,4696591
2012,Guinea-Bissau,213019
2012,Guyana,43572
2012,Haiti,65545
2012,Honduras,8680
2012,India,14056674
2012,Indonesia,1797022
2012,Iran,756
2012,Iraq,0
2012,Kazakhstan,0
2012,Kenya,3052340
2012,Kyrgyzstan,0
2012,Laos,79939
2012,Liberia,1328628
2012,Madagascar,1594592
2012,Malawi,5053353
2012,Malaysia,3662
2012,Mali,7194633
2012,Mauritania,88074
2012,Mayotte,53
2012,Mexico,833
2012,Morocco,0
2012,Mozambique,9032885
2012,Myanmar,1754334
2012,Namibia,5465
2012,Nepal,13662
2012,Nicaragua,1564
2012,Niger,7633594
2012,Nigeria,55718235
2012,North Korea,21850
2012,Oman,0
2012,Pakistan,1652576
2012,Panama,888
2012,Papua New Guinea,1249648
2012,Paraguay,0
2012,Peru,40437
2012,Philippines,19171
2012,Rwanda,646386
2012,Sao Tome and Principe,12550
2012,Saudi Arabia,82
2012,Senegal,706020
2012,Sierra Leone,2986182
2012,Solomon Islands,52221
2012,Somalia,433472
2012,South Africa,6621
2012,South Korea,394
2012,South Sudan,3079924
2012,South-East Asia (WHO),17733180
2012,Sri Lanka,23
2012,Sudan,1162568
2012,Suriname,569
2012,Syria,0
2012,Tajikistan,28
2012,Tanzania,5841953
2012,Thailand,46895
2012,Togo,2295985
2012,Turkey,0
2012,Turkmenistan,0
2012,Uganda,12905814
2012,United Arab Emirates,0
2012,Uzbekistan,0
2012,Vanuatu,8394
2012,Venezuela,61850
2012,Vietnam,23838
2012,Western Pacific (WHO),1697527
2012,World,238485295
2012,Yemen,860962
2012,Zambia,2954071
2012,Zimbabwe,592559
2013,Afghanistan,279634
2013,Africa (WHO),213649463
2013,Algeria,8
2013,Americas (WHO),575545
2013,Angola,4201780
2013,Argentina,0
2013,Armenia,0
2013,Azerbaijan,0
2013,Bangladesh,31594
2013,Belize,20
2013,Benin,3753591
2013,Bhutan,15
2013,Bolivia,10906
2013,Botswana,725
2013,Brazil,197679
2013,Burkina Faso,8620220
2013,Burundi,1778478
2013,Cambodia,168806
2013,Cameroon,5667877
2013,Cape Verde,22
2013,Central African Republic,1782614
2013,Chad,2516380
2013,China,83
2013,Colombia,72346
2013,Comoros,53156
2013,Congo,1058288
2013,Costa Rica,0
2013,Cote d'Ivoire,6533301
2013,Democratic Republic of Congo,23984116
2013,Djibouti,1684
2013,Dominican Republic,613
2013,East Timor,1418
2013,Eastern Mediterranean (WHO),4155222
2013,Ecuador,368
2013,El Salvador,6
2013,Equatorial Guinea,382479
2013,Eritrea,49309
2013,Eswatini,728
2013,Ethiopia,15281540
2013,Europe (WHO),4
2013,French Guiana,1025
2013,Gabon,475337
2013,Gambia,429429
2013,Georgia,0
2013,Ghana,9540098
2013,Guatemala,7282
2013,Guinea,4568741
2013,Guinea-Bissau,208894
2013,Guyana,57459
2013,Haiti,62551
2013,Honduras,7231
2013,India,10943831
2013,Indonesia,1529542
2013,Iran,480
2013,Iraq,0
2013,Kazakhstan,0
2013,Kenya,3232499
2013,Kyrgyzstan,0
2013,Laos,68570
2013,Liberia,1381944
2013,Madagascar,1497292
2013,Malawi,4685666
2013,Malaysia,1028
2013,Mali,7699696
2013,Mauritania,101247
2013,Mayotte,1
2013,Mexico,495
2013,Morocco,0
2013,Mozambique,9291989
2013,Myanmar,611838
2013,Namibia,7844
2013,Nepal,10164
2013,Nicaragua,1471
2013,Niger,7717689
2013,Nigeria,53921321
2013,North Korea,14407
2013,Oman,0
2013,Pakistan,1381009
2013,Panama,740
2013,Papua New Guinea,1420220
2013,Paraguay,0
2013,Peru,62669
2013,Philippines,17518
2013,Rwanda,1214623
2013,Sao Tome and Principe,9243
2013,Saudi Arabia,34
2013,Senegal,793415
2013,Sierra Leone,2921184
2013,Solomon Islands,53689
2013,Somalia,534460
2013,South Africa,8645
2013,South Korea,383
2013,South Sudan,3173418
2013,South-East Asia (WHO),13184411
2013,Sri Lanka,0
2013,Sudan,1257489
2013,Suriname,525
2013,Syria,0
2013,Tajikistan,4
2013,Tanzania,6440590
2013,Thailand,41602
2013,Togo,2609672
2013,Turkey,0
2013,Turkmenistan,0
2013,Uganda,11722973
2013,United Arab Emirates,0
2013,Uzbekistan,0
2013,Vanuatu,5326
2013,Venezuela,92159
2013,Vietnam,20760
2013,Western Pacific (WHO),1756383
2013,World,233321029
2013,Yemen,700432
2013,Zambia,3467685
2013,Zimbabwe,863692
2014,Afghanistan,319142
2014,Africa (WHO),211298150
2014,Algeria,0
2014,Americas (WHO),475260
2014,Angola,4524454
2014,Argentina,0
2014,Armenia,0
2014,Azerbaijan,0
2014,Bangladesh,66274
2014,Belize,19
2014,Benin,3917119
2014,Bhutan,19
2014,Bolivia,10994
2014,Botswana,2076
2014,Brazil,146599
2014,Burkina Faso,8132937
2014,Burundi,1916653
2014,Cambodia,240449
2014,Cameroon,5825479
2014,Cape Verde,26
2014,Central African Republic,1740283
2014,Chad,2584781
2014,China,53
2014,Colombia,57024
2014,Comoros,2203
2014,Congo,1053862
2014,Costa Rica,0
2014,Cote d'Ivoire,5955704
2014,Democratic Republic of Congo,23381296
2014,Djibouti,9439
2014,Dominican Republic,566
2014,East Timor,473
2014,Eastern Mediterranean (WHO),4006998
2014,Ecuador,242
2014,El Salvador,6
2014,Equatorial Guinea,397146
2014,Eritrea,109689
2014,Eswatini,389
2014,Ethiopia,14339644
2014,Europe (WHO),2
2014,French Guiana,541
2014,Gabon,473210
2014,Gambia,303721
2014,Georgia,0
2014,Ghana,8867522
2014,Guatemala,5764
2014,Guinea,4460552
2014,Guinea-Bissau,186564
2014,Guyana,22310
2014,Haiti,33119
2014,Honduras,4553
2014,India,11138430
2014,Indonesia,1163077
2014,Iran,358
2014,Iraq,0
2014,Kazakhstan,0
2014,Kenya,3312249
2014,Kyrgyzstan,0
2014,Laos,87770
2014,Liberia,1506350
2014,Madagascar,1078280
2014,Malawi,4353265
2014,Malaysia,596
2014,Mali,7740479
2014,Mauritania,216687
2014,Mayotte,1
2014,Mexico,656
2014,Morocco,0
2014,Mozambique,9315947
2014,Myanmar,383705
2014,Namibia,25780
2014,Nepal,4912
2014,Nicaragua,1446
2014,Niger,7880779
2014,Nigeria,53483458
2014,North Korea,10535
2014,Oman,0
2014,Pakistan,994600
2014,Panama,1005
2014,Papua New Guinea,1613869
2014,Paraguay,0
2014,Peru,83936
2014,Philippines,14318
2014,Rwanda,2299121
2014,Sao Tome and Principe,1754
2014,Saudi Arabia,30
2014,Senegal,532782
2014,Sierra Leone,2868023
2014,Solomon Islands,34803
2014,Somalia,668820
2014,South Africa,11705
2014,South Korea,557
2014,South Sudan,3098291
2014,South-East Asia (WHO),12808643
2014,Sri Lanka,0
2014,Sudan,1427317
2014,Suriname,401
2014,Syria,0
2014,Tajikistan,2
2014,Tanzania,7267262
2014,Thailand,41218
2014,Togo,2688180
2014,Turkey,0
2014,Turkmenistan,0
2014,Uganda,10693203
2014,United Arab Emirates,0
2014,Uzbekistan,0
2014,Vanuatu,2427
2014,Venezuela,106079
2014,Vietnam,19060
2014,Western Pacific (WHO),2013902
2014,World,230602955
2014,Yemen,587292
2014,Zambia,3656181
2014,Zimbabwe,1093059
2015,Afghanistan,368235
2015,Africa (WHO),211088430
2015,Algeria,0
2015,Americas (WHO),572722
2015,Angola,4969705
2015,Argentina,0
2015,Armenia,0
2015,Azerbaijan,0
2015,Bangladesh,45478
2015,Belize,9
2015,Benin,4260585
2015,Bhutan,34
2015,Bolivia,9315
2015,Botswana,455
2015,Brazil,164589
2015,Burkina Faso,7848131
2015,Burundi,2144520
2015,Cambodia,218837
2015,Cameroon,5996035
2015,Cape Verde,7
2015,Central African Republic,1669623
2015,Chad,2681805
2015,China,39
2015,Colombia,84841
2015,Comoros,1300
2015,Congo,1068094
2015,Costa Rica,0
2015,Cote d'Ivoire,5658630
2015,Democratic Republic of Congo,23263844
2015,Djibouti,9473
2015,Dominican Republic,778
2015,East Timor,110
2015,Eastern Mediterranean (WHO),4315175
2015,Ecuador,618
2015,El Salvador,5
2015,Equatorial Guinea,406082
2015,Eritrea,64020
2015,Eswatini,318
2015,Ethiopia,12528267
2015,Europe (WHO),0
2015,French Guiana,462
2015,Gabon,473905
2015,Gambia,450479
2015,Georgia,0
2015,Ghana,7999986
2015,Guatemala,6482
2015,Guinea,4402690
2015,Guinea-Bissau,161401
2015,Guyana,18030
2015,Haiti,32185
2015,Honduras,4792
2015,India,11856993
2015,Indonesia,1039394
2015,Iran,167
2015,Iraq,0
2015,Kazakhstan,0
2015,Kenya,3319230
2015,Kyrgyzstan,0
2015,Laos,62489
2015,Liberia,1591767
2015,Madagascar,2345948
2015,Malawi,4106623
2015,Malaysia,242
2015,Mali,7097168
2015,Mauritania,291679
2015,Mayotte,2
2015,Mexico,517
2015,Morocco,0
2015,Mozambique,9403454
2015,Myanmar,271652
2015,Namibia,15052
2015,Nepal,4370
2015,Nicaragua,2886
2015,Niger,8073585
2015,Nigeria,54115123
2015,North Korea,7022
2015,Oman,0
2015,Pakistan,1000339
2015,Panama,575
2015,Papua New Guinea,884727
2015,Paraguay,0
2015,Peru,86896
2015,Philippines,27904
2015,Rwanda,3585563
2015,Sao Tome and Principe,2056
2015,Saudi Arabia,83
2015,Senegal,1010929
2015,Sierra Leone,2857523
2015,Solomon Islands,39811
2015,Somalia,811764
2015,South Africa,4959
2015,South Korea,627
2015,South Sudan,3033662
2015,South-East Asia (WHO),13239318
2015,Sri Lanka,0
2015,Sudan,1611298
2015,Suriname,81
2015,Syria,0
2015,Tajikistan,0
2015,Tanzania,7382963
2015,Thailand,14265
2015,Togo,2669469
2015,Turkey,0
2015,Turkmenistan,0
2015,Uganda,9501063
2015,United Arab Emirates,0
2015,Uzbekistan,0
2015,Vanuatu,807
2015,Venezuela,159661
2015,Vietnam,11283
2015,Western Pacific (WHO),1246766
2015,World,230462411
2015,Yemen,513816
2015,Zambia,3563606
2015,Zimbabwe,1067121
2016,Afghanistan,733205
2016,Africa (WHO),210772642
2016,Algeria,0
2016,Americas (WHO),688498
2016,Angola,5523430
2016,Argentina,0
2016,Armenia,0
2016,Azerbaijan,0
2016,Bangladesh,31621
2016,Belize,4
2016,Benin,4721694
2016,Bhutan,15
2016,Bolivia,7510
2016,Botswana,985
2016,Brazil,132022
2016,Burkina Faso,7215226
2016,Burundi,2526223
2016,Cambodia,124137
2016,Cameroon,6126789
2016,Cape Verde,49
2016,Central African Republic,1638585
2016,Chad,2812456
2016,China,1
2016,Colombia,115550
2016,Comoros,1143
2016,Congo,1126282
2016,Costa Rica,4
2016,Cote d'Ivoire,5867998
2016,Democratic Republic of Congo,24224130
2016,Djibouti,13822
2016,Dominican Republic,851
2016,East Timor,112
2016,Eastern Mediterranean (WHO),5360578
2016,Ecuador,1191
2016,El Salvador,12
2016,Equatorial Guinea,397276
2016,Eritrea,86561
2016,Eswatini,250
2016,Ethiopia,8922403
2016,Europe (WHO),0
2016,French Guiana,268
2016,Gabon,476346
2016,Gambia,297058
2016,Georgia,0
2016,Ghana,6953304
2016,Guatemala,5857
2016,Guinea,4297908
2016,Guinea-Bissau,139154
2016,Guyana,19317
2016,Haiti,36279
2016,Honduras,5519
2016,India,12411360
2016,Indonesia,1087349
2016,Iran,81
2016,Iraq,5
2016,Kazakhstan,0
2016,Kenya,3191546
2016,Kyrgyzstan,0
2016,Laos,26862
2016,Liberia,1773971
2016,Madagascar,1408501
2016,Malawi,3949459
2016,Malaysia,266
2016,Mali,7184988
2016,Mauritania,386314
2016,Mayotte,35
2016,Mexico,551
2016,Morocco,0
2016,Mozambique,9501504
2016,Myanmar,162032
2016,Namibia,32052
2016,Nepal,3353
2016,Nicaragua,7943
2016,Niger,8053568
2016,Nigeria,55667334
2016,North Korea,5033
2016,Oman,0
2016,Pakistan,1017237
2016,Panama,809
2016,Papua New Guinea,1208966
2016,Paraguay,0
2016,Peru,72836
2016,Philippines,17308
2016,Rwanda,4887836
2016,Sao Tome and Principe,2238
2016,Saudi Arabia,272
2016,Senegal,684129
2016,Sierra Leone,2914796
2016,Solomon Islands,84179
2016,Somalia,837484
2016,South Africa,4323
2016,South Korea,602
2016,South Sudan,2949646
2016,South-East Asia (WHO),13708602
2016,Sri Lanka,0
2016,Sudan,2097220
2016,Suriname,78
2016,Syria,0
2016,Tajikistan,0
2016,Tanzania,7151258
2016,Thailand,7727
2016,Togo,2488548
2016,Turkey,0
2016,Turkmenistan,0
2016,Uganda,10971082
2016,United Arab Emirates,0
2016,Uzbekistan,0
2016,Vanuatu,4173
2016,Venezuela,281897
2016,Vietnam,5024
2016,Western Pacific (WHO),1471518
2016,World,232001838
2016,Yemen,661252
2016,Zambia,3453634
2016,Zimbabwe,760626
2017,Afghanistan,798871
2017,Africa (WHO),218442674
2017,Algeria,0
2017,Americas (WHO),946216
2017,Angola,6312055
2017,Argentina,0
2017,Armenia,0
2017,Azerbaijan,0
2017,Bangladesh,33331
2017,Belize,7
2017,Benin,4876484
2017,Bhutan,11
2017,Bolivia,6195
2017,Botswana,2933
2017,Brazil,220913
2017,Burkina Faso,7093584
2017,Burundi,2794830
2017,Cambodia,202696
2017,Cameroon,6151314
2017,Cape Verde,423
2017,Central African Republic,1642425
2017,Chad,2961677
2017,China,0
2017,Colombia,80963
2017,Comoros,3230
2017,Congo,1238519
2017,Costa Rica,12
2017,Cote d'Ivoire,6229084
2017,Democratic Republic of Congo,25976981
2017,Djibouti,14671
2017,Dominican Republic,420
2017,East Timor,22
2017,Eastern Mediterranean (WHO),5388975
2017,Ecuador,1275
2017,El Salvador,0
2017,Equatorial Guinea,380328
2017,Eritrea,115928
2017,Eswatini,440
2017,Ethiopia,6600689
2017,Europe (WHO),0
2017,French Guiana,685
2017,Gabon,488279
2017,Gambia,148057
2017,Georgia,0
2017,Ghana,5991625
2017,Guatemala,4832
2017,Guinea,4377224
2017,Guinea-Bissau,122291
2017,Guyana,25167
2017,Haiti,33122
2017,Honduras,1716
2017,India,9333319
2017,Indonesia,744237
2017,Iran,57
2017,Iraq,0
2017,Kazakhstan,0
2017,Kenya,3155636
2017,Kyrgyzstan,0
2017,Laos,14609
2017,Liberia,1939400
2017,Madagascar,1971342
2017,Malawi,3911675
2017,Malaysia,85
2017,Mali,7469199
2017,Mauritania,306475
2017,Mayotte,19
2017,Mexico,736
2017,Morocco,0
2017,Mozambique,9422965
2017,Myanmar,120755
2017,Namibia,89155
2017,Nepal,2690
2017,Nicaragua,13866
2017,Niger,7883346
2017,Nigeria,57869533
2017,North Korea,4603
2017,Oman,0
2017,Pakistan,819944
2017,Panama,801
2017,Papua New Guinea,1230223
2017,Paraguay,0
2017,Peru,72752
2017,Philippines,16586
2017,Rwanda,8681013
2017,Sao Tome and Principe,2239
2017,Saudi Arabia,177
2017,Senegal,805691
2017,Sierra Leone,2883985
2017,Solomon Islands,103587
2017,Somalia,820464
2017,South Africa,23381
2017,South Korea,436
2017,South Sudan,2960681
2017,South-East Asia (WHO),10243361
2017,Sri Lanka,0
2017,Sudan,2187618
2017,Suriname,137
2017,Syria,0
2017,Tajikistan,0
2017,Tanzania,7003374
2017,Thailand,4393
2017,Togo,2179253
2017,Turkey,0
2017,Turkmenistan,0
2017,Uganda,11833607
2017,United Arab Emirates,0
2017,Uzbekistan,0
2017,Vanuatu,2266
2017,Venezuela,482617
2017,Vietnam,5485
2017,Western Pacific (WHO),1575973
2017,World,236597200
2017,Yemen,747173
2017,Zambia,3204416
2017,Zimbabwe,1337886
2018,Afghanistan,633500
2018,Africa (WHO),215442566
2018,Algeria,0
2018,Americas (WHO),929469
2018,Angola,6700267
2018,Argentina,0
2018,Armenia,0
2018,Azerbaijan,0
2018,Bangladesh,12397
2018,Belize,3
2018,Benin,4872597
2018,Bhutan,6
2018,Bolivia,7239
2018,Botswana,808
2018,Brazil,218813
2018,Burkina Faso,7280725
2018,Burundi,3315862
2018,Cambodia,272272
2018,Cameroon,6218960
2018,Cape Verde,2
2018,Central African Republic,1654108
2018,Chad,3216108
2018,China,0
2018,Colombia,93827
2018,Comoros,15186
2018,Congo,1321959
2018,Costa Rica,70
2018,Cote d'Ivoire,6730934
2018,Democratic Republic of Congo,27944491
2018,Djibouti,24845
2018,Dominican Republic,534
2018,East Timor,0
2018,Eastern Mediterranean (WHO),5634545
2018,Ecuador,1653
2018,El Salvador,0
2018,Equatorial Guinea,360556
2018,Eritrea,99716
2018,Eswatini,686
2018,Ethiopia,2793314
2018,Europe (WHO),0
2018,French Guiana,640
2018,Gabon,499577
2018,Gambia,196160
2018,Georgia,0
2018,Ghana,5314525
2018,Guatemala,3541
2018,Guinea,4508348
2018,Guinea-Bissau,125653
2018,Guyana,30769
2018,Haiti,16000
2018,Honduras,933
2018,India,6743582
2018,Indonesia,662497
2018,Iran,0
2018,Iraq,0
2018,Kazakhstan,0
2018,Kenya,3068062
2018,Kyrgyzstan,0
2018,Laos,15654
2018,Liberia,1966210
2018,Madagascar,1921403
2018,Malawi,3859499
2018,Malaysia,0
2018,Mali,7710138
2018,Mauritania,236485
2018,Mayotte,6
2018,Mexico,803
2018,Morocco,0
2018,Mozambique,9406462
2018,Myanmar,108681
2018,Namibia,50217
2018,Nepal,2736
2018,Nicaragua,20158
2018,Niger,7760340
2018,Nigeria,59652248
2018,North Korea,3698
2018,Oman,0
2018,Pakistan,705529
2018,Panama,789
2018,Papua New Guinea,1301773
2018,Paraguay,0
2018,Peru,58455
2018,Philippines,10900
2018,Rwanda,6184131
2018,Sao Tome and Principe,2937
2018,Saudi Arabia,61
2018,Senegal,1047659
2018,Sierra Leone,2901372
2018,Solomon Islands,86680
2018,Somalia,913696
2018,South Africa,9562
2018,South Korea,501
2018,South Sudan,2898120
2018,South-East Asia (WHO),7538051
2018,Sri Lanka,0
2018,Sudan,2485883
2018,Suriname,30
2018,Syria,0
2018,Tajikistan,0
2018,Tanzania,6852548
2018,Thailand,4454
2018,Togo,2014395
2018,Turkey,0
2018,Turkmenistan,0
2018,Uganda,10905744
2018,United Arab Emirates,0
2018,Uzbekistan,0
2018,Vanuatu,1167
2018,Venezuela,475212
2018,Vietnam,3777
2018,Western Pacific (WHO),1692724
2018,World,231237356
2018,Yemen,871031
2018,Zambia,3189765
2018,Zimbabwe,634718
2019,Afghanistan,413480
2019,Africa (WHO),217915997
2019,Algeria,0
2019,Americas (WHO),894123
2019,Angola,7352473
2019,Argentina,0
2019,Armenia,0
2019,Azerbaijan,0
2019,Bangladesh,21202
2019,Belize,0
2019,Benin,4937253
2019,Bhutan,2
2019,Bolivia,12654
2019,Botswana,259
2019,Brazil,178650
2019,Burkina Faso,7472680
2019,Burundi,3549058
2019,Cambodia,140073
2019,Cameroon,6246049
2019,Cape Verde,0
2019,Central African Republic,1681948
2019,Chad,3277966
2019,China,0
2019,Colombia,119761
2019,Comoros,17599
2019,Congo,1324386
2019,Costa Rica,95
2019,Cote d'Ivoire,7184054
2019,Democratic Republic of Congo,28830863
2019,Djibouti,49402
2019,Dominican Republic,1592
2019,East Timor,0
2019,Eastern Mediterranean (WHO),5727478
2019,Ecuador,1803
2019,El Salvador,0
2019,Equatorial Guinea,347501
2019,Eritrea,200382
2019,Eswatini,235
2019,Ethiopia,2645193
2019,Europe (WHO),0
2019,French Guiana,248
2019,Gabon,512184
2019,Gambia,109975
2019,Georgia,0
2019,Ghana,5242734
2019,Guatemala,2428
2019,Guinea,4425904
2019,Guinea-Bissau,146986
2019,Guyana,26307
2019,Haiti,17703
2019,Honduras,444
2019,India,5549896
2019,Indonesia,774340
2019,Iran,0
2019,Iraq,0
2019,Kazakhstan,0
2019,Kenya,3037541
2019,Kyrgyzstan,0
2019,Laos,10541
2019,Liberia,1954336
2019,Madagascar,2032961
2019,Malawi,3867128
2019,Malaysia,0
2019,Mali,6863255
2019,Mauritania,184057
2019,Mayotte,0
2019,Mexico,618
2019,Morocco,0
2019,Mozambique,9421431
2019,Myanmar,78326
2019,Namibia,5705
2019,Nepal,464
2019,Nicaragua,16717
2019,Niger,7631511
2019,Nigeria,61379283
2019,North Korea,1869
2019,Oman,0
2019,Pakistan,640380
2019,Panama,1849
2019,Papua New Guinea,1124906
2019,Paraguay,0
2019,Peru,45729
2019,Philippines,13536
2019,Rwanda,5279485
2019,Sao Tome and Principe,2732
2019,Saudi Arabia,38
2019,Senegal,672221
2019,Sierra Leone,2857585
2019,Solomon Islands,139245
2019,Somalia,957015
2019,South Africa,4821
2019,South Korea,485
2019,South Sudan,2938499
2019,South-East Asia (WHO),6429743
2019,Sri Lanka,0
2019,Sudan,2835630
2019,Suriname,104
2019,Syria,0
2019,Tajikistan,0
2019,Tanzania,7040493
2019,Thailand,3644
2019,Togo,1966638
2019,Turkey,0
2019,Turkmenistan,0
2019,Uganda,11282360
2019,United Arab Emirates,0
2019,Uzbekistan,0
2019,Vanuatu,1047
2019,Venezuela,467421
2019,Vietnam,3856
2019,Western Pacific (WHO),1433689
2019,World,232401031
2019,Yemen,831533
2019,Zambia,3205531
2019,Zimbabwe,782740
2020,Afghanistan,253150
2020,Africa (WHO),231933554
2020,Algeria,0
2020,Americas (WHO),646320
2020,Angola,8410016
2020,Argentina,0
2020,Armenia,0
2020,Azerbaijan,0
2020,Bangladesh,7545
2020,Belize,0
2020,Benin,4781051
2020,Bhutan,22
2020,Bolivia,16506
2020,Botswana,1776
2020,Brazil,167113
2020,Burkina Faso,8122685
2020,Burundi,3708079
2020,Cambodia,43341
2020,Cameroon,6601170
2020,Cape Verde,0
2020,Central African Republic,1795225
2020,Chad,3433441
2020,China,0
2020,Colombia,105996
2020,Comoros,4546
2020,Congo,1304055
2020,Costa Rica,90
2020,Cote d'Ivoire,7398482
2020,Democratic Republic of Congo,30103686
2020,Djibouti,72332
2020,Dominican Republic,1019
2020,East Timor,4
2020,Eastern Mediterranean (WHO),5857293
2020,Ecuador,1934
2020,El Salvador,0
2020,Equatorial Guinea,352514
2020,Eritrea,158684
2020,Eswatini,233
2020,Ethiopia,4227742
2020,Europe (WHO),0
2020,French Guiana,164
2020,Gabon,527769
2020,Gambia,210897
2020,Georgia,0
2020,Ghana,5313608
2020,Guatemala,1241
2020,Guinea,4416575
2020,Guinea-Bissau,189707
2020,Guyana,22159
2020,Haiti,40876
2020,Honduras,1098
2020,India,4133982
2020,Indonesia,769298
2020,Iran,0
2020,Iraq,0
2020,Kazakhstan,0
2020,Kenya,3302189
2020,Kyrgyzstan,0
2020,Laos,5674
2020,Liberia,1914081
2020,Madagascar,4010537
2020,Malawi,4252631
2020,Malaysia,0
2020,Mali,7586538
2020,Mauritania,201771
2020,Mexico,356
2020,Morocco,0
2020,Mozambique,9990474
2020,Myanmar,82144
2020,Namibia,20258
2020,Nepal,244
2020,Nicaragua,32469
2020,Niger,7845383
2020,Nigeria,65133759
2020,North Korea,1819
2020,Oman,0
2020,Pakistan,542779
2020,Panama,2049
2020,Papua New Guinea,1470120
2020,Paraguay,0
2020,Peru,29745
2020,Philippines,15096
2020,Rwanda,2986047
2020,Sao Tome and Principe,1933
2020,Saudi Arabia,83
2020,Senegal,835455
2020,Sierra Leone,2795827
2020,Solomon Islands,112768
2020,Somalia,926877
2020,South Africa,4463
2020,South Korea,356
2020,South Sudan,3042784
2020,South-East Asia (WHO),4998046
2020,Sri Lanka,0
2020,Sudan,3261859
2020,Suriname,156
2020,Syria,0
2020,Tajikistan,0
2020,Tanzania,7604750
2020,Thailand,2988
2020,Togo,2049459
2020,Turkey,0
2020,Turkmenistan,0
2020,Uganda,12602807
2020,United Arab Emirates,0
2020,Uzbekistan,0
2020,Vanuatu,910
2020,Venezuela,223349
2020,Vietnam,1657
2020,Western Pacific (WHO),1649922
2020,World,245085135
2020,Yemen,800213
2020,Zambia,3537563
2020,Zimbabwe,1152901
2021,Afghanistan,193232
2021,Africa (WHO),233829474
2021,Algeria,0
2021,Americas (WHO),596552
2021,Angola,8794084
2021,Argentina,0
2021,Armenia,0
2021,Azerbaijan,0
2021,Bangladesh,8974
2021,Belize,0
2021,Benin,4983668
2021,Bhutan,9
2021,Bolivia,14930
2021,Botswana,1067
2021,Brazil,162016
2021,Burkina Faso,8326915
2021,Burundi,3657985
2021,Cambodia,19064
2021,Cameroon,6665957
2021,Cape Verde,0
2021,Central African Republic,1826551
2021,Chad,3506428
2021,China,0
2021,Colombia,102418
2021,Comoros,10537
2021,Congo,1280047
2021,Costa Rica,189
2021,Cote d'Ivoire,7443146
2021,Democratic Republic of Congo,30518545
2021,Djibouti,58445
2021,Dominican Republic,378
2021,East Timor,0
2021,Eastern Mediterranean (WHO),6195030
2021,Ecuador,2175
2021,El Salvador,0
2021,Equatorial Guinea,348428
2021,Eritrea,92898
2021,Eswatini,306
2021,Ethiopia,3783896
2021,Europe (WHO),0
2021,French Guiana,86
2021,Gabon,535939
2021,Gambia,213311
2021,Georgia,0
2021,Ghana,5396652
2021,Guatemala,1493
2021,Guinea,4477687
2021,Guinea-Bissau,216542
2021,Guyana,25792
2021,Haiti,22546
2021,Honduras,2290
2021,India,4265027
2021,Indonesia,811636
2021,Iran,0
2021,Iraq,0
2021,Kazakhstan,0
2021,Kenya,3419698
2021,Kyrgyzstan,0
2021,Laos,6403
2021,Liberia,1852429
2021,Madagascar,4911293
2021,Malawi,4359158
2021,Malaysia,0
2021,Mali,7744735
2021,Mauritania,85030
2021,Mauritius,0
2021,Mexico,242
2021,Morocco,0
2021,Mozambique,10283922
2021,Myanmar,292857
2021,Namibia,21322
2021,Nepal,106
2021,Nicaragua,29457
2021,Niger,8166369
2021,Nigeria,65399501
2021,North Korea,2357
2021,Oman,0
2021,Pakistan,505620
2021,Panama,4585
2021,Papua New Guinea,1237112
2021,Paraguay,0
2021,Peru,23250
2021,Philippines,10609
2021,Rwanda,1700493
2021,Sao Tome and Principe,2719
2021,Saudi Arabia,0
2021,Senegal,995763
2021,Sierra Leone,2777394
2021,Solomon Islands,151437
2021,Somalia,1131892
2021,South Africa,2958
2021,South Korea,274
2021,South Sudan,2953582
2021,South-East Asia (WHO),5383185
2021,Sri Lanka,0
2021,Sudan,3325874
2021,Suriname,22
2021,Syria,0
2021,Tajikistan,0
2021,Tanzania,7997711
2021,Thailand,2219
2021,Togo,2053345
2021,Turkey,0
2021,Turkmenistan,0
2021,Uganda,13023397
2021,United Arab Emirates,0
2021,Uzbekistan,0
2021,Vanuatu,576
2021,Venezuela,204683
2021,Vietnam,453
2021,Western Pacific (WHO),1425928
2021,World,247430170
2021,Yemen,979967
2021,Zambia,3655518
2021,Zimbabwe,342543
